1691,1670,1669,1665,1651,1642,1627,1639,1665,1675,1637,1680,1659,1674,1665,1663,1657,1686,1682,1721,1729,1740,1738,1714,1720,1709,1735,1735,1697,1719,1730,1723,1755,1731,1749,1739,1755,1727,1751,1776,1781,1748,1757,1744,1789,1771,1772,1776,1724,1724,1748,1735,1763,1759,1758,1744,1748,1750,1774,1762,1756,1756,1749,1770,1775,1756,1777,1795,1782,1781,1776,1801
1642,1608,1595,1619,1573,1577,1581,1605,1605,1592,1621,1606,1602,1595,1569,1584,1611,1580,1558,1604,1597,1582,1584,1593,1616,1567,1562,1562,1543,1536,1567,1554,1559,1550,1533,1569,1553,1525,1524,1535,1554,1523,1541,1547,1544,1556,1550,1550,1501,1507,1506,1501,1514,1501,1485,1527,1503,1516,1566,1545,1498,1503,1506,1523,1533,1520,1529,1575,1561,1576,1563,1562
1707,1730,1708,1725,1715,1695,1750,1699,1705,1773,1746,1671,1718,1719,1694,1680,1747,1737,1679,1715,1723,1715,1700,1725,1674,1691,1645,1659,1565,1675,1671,1618,1679,1648,1616,1604,1633,1549,1630,1626,1646,1556,1619,1575,1599,1624,1584,1616,1534,1541,1578,1527,1644,1636,1519,1487,1510,1538,1574,1590,1610,1523,1560,1628,1537,1532,1539,1634,1557,1621,1579,1644
1733,1671,1677,1692,1694,1667,1678,1686,1713,1693,1721,1727,1705,1680,1715,1733,1739,1735,1700,1696,1678,1706,1710,1732,1721,1724,1720,1736,1694,1731,1715,1714,1727,1753,1737,1741,1750,1730,1709,1741,1712,1758,1739,1751,1711,1725,1714,1755,1741,1752,1748,1740,1751,1753,1764,1752,1752,1731,1734,1744,1741,1757,1723,1779,1746,1755,1753,1757,1750,1755,1737,1780
1541,1490,1511,1518,1484,1473,1508,1496,1540,1511,1510,1497,1512,1452,1472,1499,1509,1516,1525,1530,1521,1542,1553,1546,1521,1534,1517,1526,1482,1523,1578,1519,1537,1527,1533,1546,1527,1507,1526,1548,1499,1555,1529,1522,1543,1529,1560,1562,1521,1529,1545,1524,1555,1556,1552,1532,1544,1529,1556,1537,1506,1533,1525,1538,1537,1519,1537,1542,1519,1499,1523,1546
1587,1578,1543,1549,1546,1558,1557,1511,1536,1554,1547,1524,1547,1573,1600,1557,1545,1574,1548,1599,1573,1578,1563,1571,1551,1600,1573,1597,1623,1546,1601,1561,1570,1567,1577,1583,1559,1588,1609,1605,1575,1577,1614,1594,1577,1583,1650,1581,1594,1550,1597,1589,1634,1601,1574,1579,1571,1593,1626,1607,1604,1621,1599,1629,1581,1602,1634,1644,1633,1636,1648,1639
1433,1396,1369,1355,1387,1392,1399,1403,1393,1405,1394,1422,1423,1413,1391,1399,1393,1409,1356,1396,1430,1402,1457,1417,1458,1423,1397,1409,1418,1419,1378,1422,1441,1419,1402,1435,1408,1411,1411,1407,1454,1407,1426,1453,1458,1451,1414,1455,1434,1412,1437,1426,1456,1461,1440,1502,1478,1460,1457,1498,1479,1464,1512,1508,1478,1486,1462,1469,1494,1524,1503,1502
1823,1853,1850,1837,1814,1836,1824,1854,1859,1835,1809,1832,1827,1832,1825,1821,1816,1841,1828,1858,1836,1878,1857,1809,1874,1825,1806,1821,1810,1852,1824,1814,1826,1826,1797,1831,1831,1835,1833,1807,1829,1850,1826,1791,1877,1841,1848,1832,1831,1831,1838,1852,1814,1830,1850,1852,1850,1822,1815,1821,1860,1844,1846,1842,1832,1820,1837,1806,1836,1849,1820,1853
1741,1730,1737,1720,1723,1713,1723,1723,1719,1713,1713,1731,1714,1729,1713,1716,1715,1725,1739,1724,1719,1712,1721,1703,1723,1731,1726,1734,1726,1718,1726,1733,1728,1710,1714,1728,1732,1716,1728,1713,1707,1724,1726,1720,1723,1724,1740,1723,1715,1721,1729,1736,1712,1721,1722,1730,1735,1753,1745,1734,1738,1734,1746,1736,1736,1752,1761,1744,1758,1752,1759,1753
1816,1808,1784,1776,1784,1783,1805,1784,1797,1793,1791,1802,1789,1775,1781,1787,1772,1792,1785,1801,1798,1791,1782,1789,1776,1766,1785,1778,1773,1781,1793,1789,1796,1786,1773,1788,1780,1795,1791,1785,1787,1794,1785,1791,1780,1783,1773,1801,1783,1778,1790,1787,1784,1776,1788,1773,1781,1790,1804,1804,1795,1812,1816,1794,1798,1804,1804,1791,1805,1808,1812,1795
1399,1355,1355,1338,1340,1327,1342,1335,1348,1349,1340,1359,1347,1347,1344,1339,1339,1355,1341,1367,1372,1343,1368,1351,1356,1360,1351,1346,1369,1349,1350,1362,1369,1368,1364,1357,1359,1366,1375,1360,1373,1370,1375,1358,1374,1368,1375,1374,1356,1357,1367,1367,1372,1370,1365,1368,1369,1376,1374,1376,1366,1386,1396,1386,1392,1393,1394,1385,1413,1395,1406,1411
1754,1737,1731,1747,1743,1713,1734,1743,1743,1713,1753,1735,1728,1722,1730,1739,1730,1736,1697,1722,1729,1700,1725,1763,1740,1729,1723,1741,1714,1739,1759,1717,1731,1739,1751,1733,1742,1725,1738,1748,1734,1699,1720,1723,1712,1724,1715,1724,1735,1733,1734,1740,1755,1729,1722,1717,1725,1725,1730,1734,1730,1732,1747,1740,1722,1741,1745,1766,1740,1753,1750,1739
1751,1733,1749,1721,1749,1745,1734,1753,1740,1740,1745,1745,1726,1747,1744,1743,1735,1737,1734,1718,1752,1729,1739,1736,1746,1735,1745,1747,1734,1738,1744,1730,1729,1725,1735,1732,1738,1747,1729,1728,1729,1734,1731,1744,1727,1728,1722,1734,1738,1731,1741,1737,1734,1743,1736,1738,1737,1741,1739,1734,1742,1750,1749,1740,1746,1752,1737,1743,1736,1743,1751,1729
1696,1653,1650,1652,1662,1644,1667,1659,1682,1661,1655,1665,1656,1640,1658,1671,1674,1668,1674,1660,1676,1652,1666,1679,1667,1666,1661,1677,1650,1693,1697,1659,1687,1659,1658,1677,1673,1681,1668,1684,1647,1660,1672,1673,1658,1673,1661,1688,1680,1679,1680,1683,1715,1677,1696,1681,1690,1690,1701,1676,1679,1702,1698,1685,1688,1695,1706,1716,1702,1707,1699,1709
1647,1650,1648,1632,1652,1655,1646,1644,1646,1645,1646,1658,1649,1654,1645,1647,1631,1637,1632,1640,1637,1624,1630,1630,1645,1631,1639,1646,1666,1648,1635,1643,1638,1640,1632,1633,1627,1655,1644,1626,1658,1652,1658,1657,1645,1657,1640,1662,1664,1666,1670,1653,1651,1651,1659,1661,1665,1668,1657,1664,1671,1671,1667,1675,1679,1680,1689,1667,1676,1672,1675,1684
1670,1690,1680,1689,1678,1720,1700,1716,1710,1706,1720,1699,1675,1707,1717,1712,1708,1712,1738,1739,1692,1707,1694,1726,1761,1725,1725,1757,1754,1722,1729,1753,1715,1731,1732,1732,1755,1751,1713,1698,1682,1702,1716,1678,1686,1702,1728,1704,1734,1706,1728,1745,1695,1701,1715,1710,1721,1742,1734,1731,1744,1756,1760,1736,1736,1777,1743,1755,1768,1754,1744,1753
1575,1500,1508,1496,1479,1487,1489,1458,1455,1490,1460,1474,1468,1453,1459,1447,1454,1451,1482,1502,1467,1474,1468,1452,1449,1463,1476,1453,1435,1470,1474,1452,1467,1452,1445,1463,1451,1459,1504,1499,1493,1466,1474,1467,1490,1484,1497,1459,1463,1459,1476,1471,1521,1510,1480,1481,1469,1481,1496,1471,1465,1484,1498,1504,1491,1469,1481,1474,1490,1493,1482,1514
1357,1292,1266,1263,1283,1278,1275,1267,1270,1269,1252,1267,1278,1253,1274,1255,1257,1266,1249,1281,1260,1246,1255,1259,1278,1269,1262,1271,1286,1280,1267,1251,1257,1272,1249,1263,1247,1282,1283,1262,1267,1255,1274,1279,1259,1274,1263,1269,1257,1263,1266,1268,1288,1280,1264,1275,1276,1282,1272,1274,1277,1266,1267,1272,1280,1281,1286,1268,1273,1284,1277,1300
1650,1632,1612,1580,1609,1618,1588,1576,1564,1615,1587,1587,1599,1617,1590,1611,1592,1607,1600,1613,1610,1597,1621,1601,1616,1631,1615,1618,1643,1634,1620,1637,1625,1624,1612,1611,1626,1644,1631,1635,1657,1643,1639,1637,1631,1652,1614,1648,1634,1634,1631,1631,1631,1653,1632,1631,1634,1635,1641,1637,1630,1617,1637,1642,1639,1635,1660,1615,1611,1616,1619,1643
1547,1460,1467,1447,1477,1486,1482,1470,1492,1491,1468,1495,1481,1447,1476,1485,1470,1478,1475,1473,1485,1482,1467,1477,1473,1473,1466,1442,1425,1495,1464,1462,1458,1495,1486,1462,1447,1477,1498,1533,1485,1466,1470,1475,1436,1454,1425,1461,1477,1485,1470,1453,1494,1519,1477,1475,1479,1464,1514,1478,1487,1489,1486,1491,1497,1469,1477,1501,1482,1495,1492,1487
1660,1634,1591,1576,1584,1595,1552,1566,1567,1621,1560,1578,1587,1545,1574,1571,1558,1562,1566,1598,1596,1582,1590,1558,1565,1585,1582,1565,1579,1584,1564,1595,1595,1612,1583,1590,1597,1604,1632,1631,1648,1607,1605,1615,1635,1624,1631,1615,1612,1631,1640,1630,1661,1648,1622,1631,1622,1651,1642,1641,1666,1656,1658,1656,1677,1655,1663,1635,1680,1661,1648,1688
1709,1696,1685,1693,1692,1685,1697,1737,1703,1685,1735,1701,1707,1691,1658,1707,1701,1722,1694,1719,1718,1724,1722,1739,1738,1715,1749,1762,1727,1748,1704,1691,1725,1682,1739,1719,1723,1691,1708,1725,1721,1704,1712,1725,1720,1723,1707,1698,1741,1709,1697,1750,1735,1740,1739,1745,1726,1698,1718,1725,1706,1692,1723,1735,1753,1722,1703,1731,1694,1710,1733,1668
1530,1441,1422,1400,1437,1430,1429,1435,1437,1434,1423,1440,1426,1396,1414,1435,1436,1423,1418,1416,1425,1419,1402,1430,1400,1420,1413,1399,1380,1402,1390,1431,1419,1423,1417,1412,1403,1427,1416,1434,1422,1388,1411,1415,1382,1374,1363,1387,1423,1414,1398,1392,1419,1427,1408,1405,1410,1408,1433,1411,1419,1422,1405,1436,1432,1411,1413,1428,1416,1415,1423,1392
1455,1403,1394,1370,1371,1379,1363,1359,1380,1392,1353,1391,1383,1345,1337,1371,1343,1359,1347,1394,1389,1375,1384,1374,1350,1360,1354,1369,1327,1348,1339,1352,1389,1353,1344,1358,1361,1338,1374,1405,1397,1378,1365,1378,1406,1398,1388,1381,1360,1351,1360,1362,1416,1409,1370,1376,1371,1355,1400,1378,1391,1373,1394,1399,1393,1353,1368,1391,1379,1384,1383,1381
1546,1467,1450,1473,1429,1448,1421,1428,1435,1435,1406,1437,1418,1436,1440,1384,1439,1445,1422,1455,1462,1400,1409,1417,1418,1410,1385,1423,1404,1428,1427,1416,1454,1428,1433,1429,1436,1450,1455,1421,1416,1374,1397,1421,1428,1396,1428,1404,1429,1392,1423,1421,1475,1453,1391,1413,1418,1432,1451,1418,1462,1424,1442,1452,1445,1454,1444,1443,1461,1463,1445,1481
1601,1611,1617,1540,1591,1570,1578,1570,1557,1602,1552,1587,1585,1538,1569,1564,1556,1585,1565,1586,1578,1576,1598,1581,1566,1557,1570,1595,1569,1582,1569,1568,1587,1602,1595,1580,1586,1583,1612,1633,1619,1637,1616,1611,1627,1604,1610,1625,1613,1609,1611,1602,1627,1662,1657,1660,1629,1642,1680,1638,1615,1649,1635,1669,1672,1666,1638,1671,1652,1656,1657,1661
1476,1392,1383,1377,1340,1355,1355,1314,1349,1386,1348,1336,1341,1328,1311,1312,1298,1319,1358,1350,1376,1355,1345,1338,1308,1315,1310,1326,1310,1328,1308,1315,1379,1318,1316,1328,1327,1297,1329,1345,1336,1338,1302,1301,1356,1333,1347,1302,1289,1280,1299,1288,1321,1358,1313,1304,1299,1305,1349,1319,1310,1297,1312,1292,1306,1282,1311,1285,1300,1296,1285,1301
1595,1661,1638,1697,1587,1621,1562,1578,1621,1669,1612,1639,1612,1557,1638,1576,1598,1624,1649,1674,1699,1600,1631,1604,1633,1644,1617,1636,1679,1679,1623,1686,1634,1688,1645,1601,1626,1661,1709,1603,1554,1597,1576,1619,1615,1593,1603,1604,1633,1617,1674,1663,1661,1619,1537,1635,1607,1607,1559,1612,1650,1610,1620,1596,1644,1611,1605,1581,1644,1656,1619,1716
1157,1124,1122,1082,1122,1104,1103,1086,1094,1118,1104,1101,1101,1085,1064,1093,1074,1068,1079,1087,1093,1100,1075,1093,1062,1083,1078,1079,1067,1069,1066,1069,1081,1077,1068,1064,1078,1068,1078,1103,1100,1089,1076,1076,1082,1083,1064,1081,1069,1068,1075,1065,1082,1090,1058,1074,1074,1065,1085,1068,1064,1066,1060,1073,1074,1068,1057,1062,1061,1063,1062,1069
1414,1341,1332,1335,1343,1346,1368,1355,1356,1362,1359,1355,1355,1377,1378,1360,1371,1370,1354,1366,1334,1346,1358,1386,1389,1381,1373,1398,1369,1400,1366,1369,1368,1371,1385,1367,1380,1369,1373,1330,1349,1312,1378,1343,1363,1359,1364,1360,1388,1366,1399,1406,1362,1365,1357,1362,1369,1375,1399,1383,1406,1389,1401,1402,1403,1383,1380,1406,1396,1395,1394,1370
1579,1580,1536,1542,1545,1580,1504,1514,1522,1549,1521,1509,1514,1506,1506,1510,1511,1523,1546,1564,1564,1538,1515,1509,1557,1545,1532,1544,1545,1544,1554,1559,1551,1566,1556,1529,1551,1577,1588,1554,1536,1510,1531,1538,1541,1535,1548,1530,1555,1522,1539,1543,1570,1526,1503,1510,1505,1532,1525,1512,1531,1508,1512,1488,1501,1505,1505,1502,1498,1501,1506,1535
1402,1290,1277,1288,1298,1314,1277,1266,1277,1291,1269,1270,1268,1275,1287,1270,1268,1258,1296,1301,1267,1274,1282,1282,1298,1289,1288,1285,1283,1289,1250,1284,1277,1296,1274,1286,1270,1265,1286,1274,1268,1249,1270,1255,1262,1237,1264,1241,1257,1251,1270,1256,1258,1298,1278,1278,1268,1286,1276,1261,1291,1243,1268,1283,1290,1291,1277,1239,1256,1273,1251,1270
1735,1721,1717,1761,1716,1754,1734,1766,1736,1750,1712,1702,1736,1721,1769,1727,1764,1750,1734,1736,1729,1763,1764,1764,1782,1792,1767,1769,1818,1796,1788,1795,1764,1760,1778,1776,1781,1789,1779,1749,1738,1750,1777,1766,1781,1762,1820,1772,1812,1818,1816,1826,1805,1776,1804,1797,1825,1842,1783,1782,1823,1799,1793,1786,1794,1777,1803,1741,1791,1771,1775,1793
1421,1417,1397,1419,1416,1420,1407,1400,1425,1442,1376,1423,1418,1397,1400,1386,1383,1413,1403,1412,1434,1386,1402,1408,1417,1416,1414,1412,1420,1405,1424,1419,1436,1422,1403,1415,1406,1408,1426,1462,1419,1447,1412,1418,1424,1427,1447,1429,1400,1391,1426,1420,1446,1440,1436,1432,1431,1414,1448,1428,1443,1475,1457,1446,1456,1451,1448,1468,1461,1431,1433,1461
1456,1373,1365,1373,1345,1389,1373,1346,1363,1401,1365,1362,1376,1361,1367,1354,1350,1361,1366,1389,1399,1361,1366,1361,1363,1396,1373,1353,1368,1382,1397,1393,1398,1375,1386,1384,1385,1369,1408,1431,1413,1394,1376,1380,1409,1419,1398,1398,1402,1414,1393,1400,1439,1403,1367,1366,1395,1376,1380,1382,1387,1359,1381,1355,1354,1370,1379,1348,1366,1349,1353,1393
1527,1475,1490,1494,1506,1497,1516,1519,1530,1497,1544,1563,1503,1512,1533,1547,1540,1581,1546,1550,1572,1541,1567,1579,1572,1579,1586,1576,1570,1553,1516,1516,1511,1484,1482,1535,1526,1596,1543,1559,1493,1512,1471,1503,1446,1479,1478,1535,1529,1581,1561,1572,1568,1588,1577,1588,1589,1569,1593,1583,1583,1594,1581,1579,1598,1594,1569,1597,1583,1575,1555,1556
1510,1444,1448,1472,1488,1471,1470,1409,1426,1470,1428,1447,1426,1404,1362,1399,1402,1427,1513,1491,1464,1470,1446,1457,1448,1422,1434,1439,1391,1485,1493,1448,1464,1519,1442,1455,1480,1428,1453,1567,1482,1498,1439,1466,1478,1465,1518,1450,1490,1456,1466,1469,1576,1554,1511,1497,1463,1487,1576,1524,1487,1499,1483,1476,1468,1471,1502,1492,1477,1465,1481,1568
1517,1498,1471,1471,1468,1500,1473,1444,1427,1465,1444,1443,1457,1463,1440,1430,1425,1473,1444,1464,1432,1439,1442,1424,1430,1437,1435,1418,1452,1423,1429,1469,1422,1411,1422,1438,1409,1433,1446,1432,1456,1489,1476,1457,1436,1477,1418,1433,1467,1444,1438,1469,1412,1425,1431,1424,1436,1459,1437,1464,1447,1418,1428,1414,1430,1424,1401,1408,1438,1423,1425,1462
1439,1370,1359,1369,1359,1374,1346,1348,1351,1357,1343,1344,1361,1345,1350,1368,1343,1350,1362,1359,1364,1369,1365,1358,1357,1361,1355,1351,1343,1357,1339,1382,1369,1376,1374,1365,1357,1373,1385,1425,1389,1393,1370,1382,1388,1373,1372,1378,1369,1378,1388,1375,1401,1441,1413,1398,1392,1390,1421,1387,1397,1392,1398,1397,1382,1396,1381,1377,1377,1372,1364,1381
1562,1483,1480,1501,1464,1459,1459,1470,1471,1464,1448,1443,1454,1432,1461,1434,1457,1454,1467,1458,1492,1460,1474,1484,1460,1442,1437,1446,1457,1443,1464,1436,1477,1451,1444,1457,1461,1441,1462,1525,1497,1483,1453,1457,1467,1442,1476,1435,1460,1417,1450,1451,1475,1491,1460,1473,1463,1449,1484,1444,1448,1445,1443,1430,1426,1438,1430,1444,1432,1434,1417,1456
1449,1381,1373,1403,1366,1428,1358,1358,1364,1348,1352,1338,1369,1355,1362,1337,1327,1351,1355,1340,1374,1323,1295,1316,1311,1330,1294,1329,1358,1314,1317,1315,1347,1325,1313,1317,1308,1318,1338,1378,1347,1354,1314,1320,1328,1316,1312,1304,1318,1302,1321,1314,1395,1379,1339,1344,1357,1341,1338,1312,1349,1337,1352,1336,1313,1355,1336,1337,1338,1325,1333,1382
1695,1670,1777,1753,1738,1762,1746,1661,1721,1767,1725,1744,1759,1792,1717,1725,1725,1752,1766,1710,1752,1616,1720,1683,1656,1664,1666,1668,1619,1666,1712,1708,1747,1669,1675,1661,1707,1630,1722,1735,1719,1743,1733,1718,1742,1797,1725,1719,1711,1698,1692,1711,1740,1729,1748,1766,1717,1758,1719,1720,1721,1761,1752,1738,1759,1707,1750,1800,1738,1735,1712,1781
1737,1718,1733,1704,1747,1698,1690,1700,1743,1706,1684,1700,1679,1696,1722,1659,1702,1725,1714,1726,1733,1705,1717,1708,1718,1759,1705,1722,1762,1743,1708,1751,1723,1719,1726,1711,1748,1754,1793,1754,1785,1783,1785,1758,1751,1765,1742,1750,1751,1753,1772,1780,1735,1770,1785,1778,1754,1774,1737,1756,1784,1760,1744,1739,1759,1746,1748,1728,1738,1735,1770,1744
1472,1347,1346,1358,1331,1384,1332,1323,1326,1330,1310,1317,1341,1310,1327,1321,1332,1317,1305,1334,1348,1324,1327,1311,1294,1313,1299,1308,1305,1308,1295,1307,1316,1336,1308,1299,1318,1295,1320,1377,1332,1338,1314,1323,1318,1341,1323,1319,1311,1307,1332,1303,1352,1369,1339,1338,1316,1338,1340,1321,1333,1339,1327,1359,1341,1333,1338,1350,1359,1352,1347,1353
1588,1616,1661,1701,1665,1720,1677,1614,1625,1719,1609,1644,1703,1671,1687,1636,1655,1653,1646,1701,1677,1607,1629,1625,1670,1668,1631,1677,1683,1657,1673,1663,1665,1674,1641,1646,1665,1677,1719,1694,1681,1705,1681,1715,1720,1744,1725,1722,1706,1708,1731,1711,1700,1667,1677,1695,1670,1722,1687,1669,1734,1705,1719,1660,1655,1686,1669,1666,1677,1668,1656,1729
1604,1544,1543,1612,1514,1573,1530,1515,1518,1586,1506,1523,1547,1511,1532,1542,1535,1528,1564,1531,1602,1568,1520,1564,1542,1498,1492,1557,1490,1572,1570,1516,1584,1582,1522,1546,1549,1544,1586,1689,1613,1631,1535,1590,1626,1577,1613,1522,1596,1533,1578,1570,1638,1627,1581,1557,1553,1572,1617,1571,1593,1579,1593,1582,1593,1577,1586,1627,1573,1638,1581,1650
1299,1261,1216,1298,1234,1287,1297,1296,1289,1249,1309,1272,1324,1331,1346,1332,1331,1325,1260,1247,1277,1218,1289,1281,1246,1263,1266,1270,1325,1289,1284,1318,1315,1250,1333,1322,1316,1341,1349,1331,1320,1332,1365,1368,1347,1354,1324,1353,1363,1374,1386,1357,1354,1374,1362,1365,1369,1381,1366,1383,1384,1411,1390,1407,1405,1432,1387,1396,1391,1392,1391,1401
1495,1381,1398,1401,1375,1393,1342,1359,1396,1420,1347,1376,1392,1381,1372,1367,1370,1385,1368,1387,1438,1392,1377,1379,1374,1389,1379,1405,1380,1368,1380,1409,1423,1439,1410,1398,1382,1398,1426,1462,1423,1443,1411,1414,1405,1427,1400,1409,1405,1393,1381,1397,1478,1481,1446,1405,1430,1411,1444,1431,1434,1417,1441,1445,1434,1431,1456,1441,1450,1438,1443,1455
1570,1507,1486,1498,1475,1502,1451,1477,1475,1488,1465,1444,1484,1482,1486,1466,1478,1481,1465,1481,1520,1505,1478,1499,1495,1493,1474,1471,1496,1496,1511,1481,1521,1474,1460,1492,1494,1448,1492,1610,1533,1500,1486,1484,1492,1466,1519,1464,1483,1477,1480,1468,1578,1546,1498,1467,1444,1465,1496,1448,1439,1443,1444,1449,1447,1422,1450,1465,1479,1441,1454,1496
1494,1474,1448,1435,1468,1434,1449,1439,1478,1469,1471,1485,1500,1419,1484,1474,1492,1467,1453,1436,1428,1425,1458,1439,1448,1459,1435,1448,1435,1436,1438,1427,1449,1405,1417,1428,1430,1439,1432,1376,1384,1362,1382,1415,1427,1426,1462,1407,1408,1417,1383,1402,1423,1401,1398,1409,1428,1421,1380,1361,1423,1437,1423,1407,1431,1463,1419,1402,1402,1388,1413,1412
1574,1503,1500,1486,1488,1515,1491,1484,1495,1517,1464,1488,1470,1510,1503,1485,1470,1498,1480,1504,1477,1499,1494,1485,1492,1512,1503,1489,1476,1483,1498,1500,1526,1499,1501,1507,1520,1499,1514,1578,1523,1515,1497,1493,1497,1519,1522,1485,1493,1483,1531,1514,1568,1556,1538,1529,1549,1528,1575,1531,1538,1554,1551,1561,1558,1541,1554,1532,1542,1553,1565,1607
1679,1608,1597,1626,1576,1613,1600,1584,1600,1641,1581,1576,1615,1625,1580,1607,1586,1631,1631,1611,1606,1634,1617,1647,1588,1615,1612,1605,1581,1593,1589,1606,1609,1568,1591,1630,1617,1619,1663,1671,1594,1621,1585,1579,1613,1627,1628,1602,1596,1610,1612,1607,1624,1629,1580,1594,1627,1597,1628,1616,1637,1562,1597,1588,1586,1582,1594,1556,1605,1595,1579,1625
1434,1321,1347,1317,1322,1342,1290,1326,1355,1322,1310,1308,1302,1304,1298,1329,1300,1340,1307,1309,1302,1316,1297,1327,1314,1295,1307,1307,1290,1293,1319,1291,1319,1302,1298,1330,1300,1287,1298,1370,1335,1322,1302,1295,1295,1289,1309,1292,1290,1291,1282,1289,1328,1303,1321,1306,1309,1307,1326,1299,1311,1296,1303,1322,1310,1313,1316,1311,1308,1292,1297,1311
1491,1485,1521,1559,1475,1523,1444,1446,1479,1519,1476,1474,1506,1504,1491,1504,1458,1483,1481,1525,1543,1484,1503,1453,1472,1480,1460,1468,1474,1489,1501,1496,1535,1456,1481,1457,1479,1510,1555,1530,1476,1517,1492,1522,1503,1519,1510,1491,1483,1479,1491,1503,1543,1523,1497,1526,1511,1528,1494,1507,1528,1531,1521,1509,1522,1540,1500,1494,1503,1511,1520,1597
1604,1507,1496,1641,1578,1564,1631,1633,1692,1561,1601,1551,1591,1595,1656,1584,1699,1660,1717,1595,1675,1673,1619,1713,1708,1640,1623,1670,1670,1702,1672,1654,1682,1685,1667,1699,1702,1721,1653,1668,1541,1550,1555,1635,1593,1542,1599,1570,1693,1692,1737,1665,1649,1669,1679,1682,1685,1665,1700,1595,1641,1716,1663,1642,1683,1680,1710,1651,1710,1666,1697,1726
1648,1661,1677,1731,1652,1703,1605,1639,1714,1706,1684,1682,1699,1717,1745,1706,1713,1706,1738,1762,1732,1729,1714,1656,1677,1712,1715,1715,1712,1701,1724,1736,1746,1714,1705,1711,1720,1717,1742,1710,1698,1722,1720,1727,1693,1719,1745,1689,1744,1718,1738,1694,1764,1727,1685,1676,1698,1722,1724,1692,1723,1720,1724,1691,1737,1749,1715,1688,1681,1707,1727,1807
1507,1490,1531,1517,1519,1511,1506,1489,1507,1532,1517,1522,1513,1502,1500,1512,1488,1508,1529,1529,1497,1514,1514,1497,1482,1494,1488,1490,1470,1487,1499,1490,1487,1516,1499,1505,1493,1479,1480,1494,1492,1485,1468,1487,1482,1483,1487,1487,1468,1460,1467,1468,1506,1501,1498,1499,1491,1493,1500,1471,1479,1493,1496,1497,1495,1474,1490,1508,1490,1491,1486,1484
1439,1380,1392,1435,1373,1418,1443,1374,1391,1435,1397,1371,1410,1431,1397,1394,1378,1370,1389,1395,1383,1425,1408,1366,1346,1397,1338,1361,1357,1384,1372,1389,1365,1353,1360,1365,1339,1369,1390,1374,1367,1382,1350,1366,1431,1418,1416,1353,1340,1338,1342,1365,1401,1461,1389,1379,1345,1374,1357,1352,1346,1330,1360,1395,1363,1366,1336,1362,1347,1364,1346,1417
1486,1437,1446,1451,1454,1457,1432,1421,1459,1446,1422,1442,1434,1409,1473,1430,1445,1427,1447,1435,1439,1402,1443,1437,1416,1411,1401,1397,1444,1434,1431,1415,1426,1440,1397,1437,1414,1437,1454,1416,1399,1422,1393,1420,1427,1433,1379,1404,1397,1396,1410,1388,1424,1450,1441,1453,1419,1424,1427,1421,1432,1421,1436,1447,1433,1441,1431,1446,1437,1432,1434,1457
1537,1406,1471,1489,1430,1439,1402,1428,1448,1437,1481,1393,1412,1430,1431,1432,1458,1427,1456,1446,1431,1405,1473,1406,1410,1442,1387,1396,1405,1422,1423,1436,1435,1403,1427,1397,1378,1430,1441,1432,1409,1432,1417,1406,1428,1443,1415,1389,1409,1403,1386,1390,1441,1447,1465,1435,1419,1461,1445,1440,1429,1449,1479,1440,1430,1445,1431,1421,1437,1409,1403,1451
1416,1363,1351,1416,1324,1349,1333,1320,1364,1351,1347,1321,1304,1363,1322,1292,1285,1311,1311,1290,1318,1339,1292,1301,1328,1309,1303,1299,1310,1330,1355,1296,1302,1327,1313,1242,1329,1282,1378,1298,1329,1315,1310,1319,1337,1341,1313,1296,1299,1285,1283,1313,1303,1381,1329,1355,1383,1332,1342,1306,1366,1337,1367,1331,1333,1308,1314,1342,1338,1312,1320,1357
1452,1397,1428,1432,1415,1406,1426,1456,1445,1429,1418,1439,1429,1424,1450,1404,1426,1433,1449,1403,1455,1426,1416,1414,1464,1433,1421,1433,1439,1473,1465,1451,1439,1438,1443,1451,1444,1460,1450,1431,1451,1417,1425,1440,1439,1431,1422,1407,1455,1435,1456,1468,1449,1464,1441,1436,1479,1463,1433,1442,1459,1450,1453,1445,1437,1455,1434,1439,1441,1454,1446,1445
1716,1730,1710,1657,1705,1718,1787,1750,1718,1752,1725,1757,1749,1675,1723,1739,1724,1748,1770,1731,1731,1717,1754,1813,1770,1782,1742,1770,1759,1727,1760,1759,1722,1774,1777,1761,1743,1738,1786,1755,1715,1750,1741,1768,1687,1699,1689,1706,1775,1765,1745,1755,1779,1800,1802,1752,1758,1751,1809,1785,1777,1772,1767,1785,1792,1743,1783,1743,1812,1790,1777,1770
1399,1314,1319,1294,1295,1320,1301,1275,1299,1321,1272,1299,1325,1289,1304,1275,1300,1294,1311,1315,1292,1299,1310,1331,1323,1312,1331,1289,1291,1308,1306,1302,1288,1298,1290,1303,1286,1306,1298,1322,1294,1300,1283,1302,1286,1312,1279,1282,1306,1297,1277,1314,1293,1363,1331,1316,1317,1305,1321,1323,1325,1281,1319,1340,1324,1294,1316,1332,1333,1339,1309,1338
1743,1752,1662,1742,1737,1710,1681,1707,1768,1690,1586,1750,1692,1702,1712,1650,1689,1711,1686,1749,1759,1724,1745,1720,1696,1725,1683,1669,1720,1746,1755,1717,1750,1745,1714,1709,1708,1738,1700,1753,1719,1726,1665,1711,1720,1729,1693,1664,1686,1680,1703,1739,1714,1720,1741,1606,1682,1748,1746,1719,1716,1726,1753,1710,1704,1684,1709,1747,1734,1756,1734,1792
1491,1445,1423,1418,1411,1445,1414,1413,1421,1399,1381,1394,1424,1445,1449,1395,1440,1422,1417,1416,1420,1393,1422,1453,1456,1469,1442,1439,1456,1434,1473,1439,1462,1430,1445,1438,1444,1460,1463,1496,1418,1454,1431,1440,1426,1434,1431,1452,1486,1452,1498,1497,1436,1434,1457,1432,1444,1469,1425,1436,1461,1418,1422,1427,1442,1420,1442,1407,1433,1435,1426,1465
1618,1600,1666,1679,1659,1641,1659,1662,1607,1654,1625,1576,1633,1612,1602,1596,1570,1707,1669,1652,1610,1688,1666,1703,1676,1624,1641,1660,1647,1677,1686,1620,1649,1685,1736,1727,1696,1639,1679,1700,1697,1700,1711,1699,1693,1677,1687,1679,1660,1667,1701,1691,1718,1726,1658,1632,1648,1689,1708,1651,1648,1658,1674,1734,1671,1619,1678,1691,1673,1721,1652,1707
1347,1365,1391,1391,1400,1415,1431,1370,1394,1421,1370,1378,1416,1361,1396,1329,1397,1441,1388,1394,1394,1361,1390,1372,1410,1387,1368,1397,1356,1400,1381,1394,1374,1386,1396,1387,1382,1379,1392,1424,1375,1394,1368,1372,1387,1416,1391,1387,1399,1401,1366,1406,1378,1402,1384,1420,1415,1415,1383,1459,1419,1399,1427,1406,1420,1380,1381,1402,1412,1416,1402,1388
1645,1658,1575,1522,1487,1584,1466,1441,1493,1599,1450,1478,1552,1440,1461,1447,1429,1470,1501,1577,1660,1586,1525,1480,1483,1491,1474,1468,1455,1502,1479,1493,1592,1521,1483,1486,1492,1451,1598,1543,1619,1503,1497,1526,1584,1526,1641,1482,1467,1447,1531,1492,1632,1507,1475,1452,1466,1502,1477,1469,1456,1469,1442,1414,1425,1436,1450,1438,1450,1450,1478,1581
1468,1393,1442,1437,1365,1399,1373,1373,1373,1392,1356,1316,1370,1369,1354,1352,1363,1360,1389,1396,1392,1382,1359,1369,1389,1389,1380,1379,1400,1373,1371,1398,1392,1346,1371,1345,1380,1372,1375,1376,1337,1348,1338,1364,1347,1376,1366,1328,1372,1351,1355,1377,1344,1344,1340,1375,1368,1383,1326,1370,1390,1357,1377,1360,1362,1360,1391,1356,1385,1373,1376,1399
1681,1671,1648,1591,1624,1636,1560,1612,1635,1636,1578,1567,1609,1612,1633,1592,1600,1627,1614,1631,1625,1557,1630,1618,1649,1628,1621,1586,1562,1600,1647,1647,1660,1638,1659,1648,1660,1675,1660,1671,1645,1672,1667,1658,1602,1643,1590,1649,1699,1633,1651,1621,1676,1666,1695,1666,1655,1662,1703,1649,1670,1641,1643,1655,1644,1631,1604,1570,1570,1620,1566,1724
1695,1594,1719,1736,1730,1744,1768,1711,1718,1740,1724,1707,1734,1726,1695,1707,1695,1732,1677,1737,1721,1770,1741,1727,1756,1745,1664,1765,1783,1740,1742,1695,1724,1677,1705,1697,1723,1742,1744,1723,1712,1733,1698,1735,1752,1769,1733,1759,1788,1747,1718,1750,1774,1744,1728,1771,1774,1785,1730,1778,1768,1728,1760,1731,1770,1781,1751,1756,1775,1779,1772,1783
1593,1589,1653,1646,1713,1738,1684,1668,1685,1720,1647,1612,1712,1624,1617,1682,1617,1710,1659,1683,1670,1677,1686,1655,1678,1700,1641,1695,1639,1657,1681,1659,1672,1680,1701,1652,1668,1667,1693,1665,1593,1614,1594,1620,1678,1662,1639,1651,1662,1629,1608,1653,1674,1646,1649,1628,1674,1696,1610,1675,1685,1666,1683,1624,1622,1623,1605,1610,1615,1670,1609,1684
1538,1431,1433,1422,1446,1441,1514,1438,1456,1463,1482,1476,1492,1447,1403,1447,1430,1456,1464,1432,1451,1422,1436,1446,1443,1462,1456,1436,1372,1422,1459,1433,1426,1436,1447,1456,1450,1450,1451,1427,1409,1377,1441,1391,1424,1417,1422,1448,1430,1401,1430,1402,1473,1468,1430,1411,1417,1435,1421,1430,1395,1420,1424,1419,1383,1394,1402,1396,1411,1397,1400,1408
1405,1319,1304,1293,1310,1330,1300,1303,1303,1294,1290,1315,1312,1301,1283,1279,1278,1295,1297,1314,1328,1308,1326,1285,1289,1310,1281,1288,1292,1290,1292,1299,1289,1291,1296,1267,1277,1290,1308,1314,1309,1270,1266,1274,1281,1279,1283,1257,1290,1261,1277,1275,1283,1319,1299,1272,1279,1277,1286,1284,1273,1239,1284,1269,1270,1254,1268,1266,1275,1248,1287,1316
1628,1486,1558,1648,1620,1720,1630,1689,1647,1585,1554,1621,1575,1649,1662,1608,1641,1631,1598,1574,1592,1535,1589,1603,1675,1622,1598,1610,1676,1669,1661,1558,1570,1534,1526,1527,1590,1593,1609,1587,1491,1558,1580,1595,1634,1658,1676,1566,1643,1649,1680,1680,1566,1501,1549,1562,1540,1584,1556,1534,1633,1558,1630,1578,1666,1645,1567,1628,1603,1699,1653,1695
1704,1641,1729,1629,1735,1744,1673,1610,1649,1733,1581,1588,1643,1613,1678,1729,1691,1687,1575,1615,1663,1682,1651,1618,1595,1599,1512,1575,1611,1655,1639,1596,1637,1562,1545,1525,1524,1563,1685,1620,1566,1625,1572,1598,1695,1749,1642,1665,1553,1612,1615,1579,1599,1720,1734,1741,1618,1743,1629,1659,1661,1625,1646,1625,1553,1634,1597,1635,1647,1651,1601,1645
1654,1656,1677,1754,1693,1661,1629,1598,1603,1655,1608,1610,1617,1688,1689,1618,1669,1662,1574,1692,1648,1697,1673,1572,1621,1603,1569,1624,1664,1624,1657,1624,1682,1566,1631,1601,1615,1627,1669,1625,1667,1597,1630,1591,1622,1670,1674,1618,1626,1628,1620,1688,1618,1655,1679,1670,1665,1714,1611,1620,1622,1675,1672,1610,1603,1656,1650,1626,1604,1667,1647,1667
1682,1664,1661,1640,1673,1680,1665,1641,1623,1633,1626,1702,1698,1645,1632,1660,1612,1635,1655,1671,1694,1667,1658,1639,1641,1671,1679,1654,1621,1645,1645,1659,1664,1664,1692,1648,1644,1678,1654,1722,1694,1690,1694,1674,1699,1705,1672,1711,1705,1681,1672,1656,1686,1735,1701,1716,1724,1696,1696,1727,1713,1700,1722,1721,1711,1702,1698,1683,1692,1731,1718,1741
1578,1525,1604,1594,1634,1635,1596,1536,1659,1620,1583,1663,1607,1629,1579,1589,1601,1650,1589,1676,1590,1612,1610,1564,1555,1539,1543,1564,1607,1604,1633,1630,1626,1598,1571,1613,1626,1593,1602,1687,1598,1705,1654,1638,1687,1697,1706,1615,1616,1597,1617,1613,1625,1648,1655,1658,1672,1703,1571,1618,1674,1658,1693,1661,1642,1684,1620,1628,1598,1638,1661,1703
1570,1488,1490,1523,1499,1460,1514,1520,1569,1552,1507,1515,1477,1547,1505,1521,1559,1562,1645,1588,1583,1544,1616,1607,1573,1583,1561,1551,1562,1519,1528,1517,1565,1615,1624,1576,1598,1546,1531,1562,1550,1545,1526,1552,1586,1585,1507,1533,1604,1543,1558,1525,1575,1542,1513,1513,1510,1522,1547,1523,1515,1506,1540,1514,1506,1478,1458,1497,1485,1489,1537,1558
1584,1460,1460,1512,1474,1533,1494,1565,1608,1505,1556,1514,1511,1465,1532,1497,1527,1571,1566,1506,1590,1552,1554,1577,1590,1572,1616,1571,1509,1564,1648,1650,1617,1579,1597,1629,1598,1560,1621,1551,1491,1474,1526,1541,1549,1541,1569,1539,1574,1580,1628,1574,1590,1581,1670,1586,1638,1638,1658,1571,1537,1614,1639,1624,1546,1584,1612,1690,1578,1643,1645,1635
1602,1513,1503,1580,1540,1590,1534,1589,1550,1520,1539,1570,1580,1575,1538,1542,1567,1572,1556,1553,1549,1520,1519,1566,1575,1561,1527,1514,1557,1566,1582,1600,1591,1518,1540,1586,1553,1595,1592,1595,1557,1588,1557,1576,1585,1577,1622,1545,1581,1578,1569,1568,1582,1627,1609,1612,1571,1589,1572,1552,1600,1579,1584,1562,1552,1553,1585,1594,1593,1568,1569,1582
1736,1691,1703,1728,1619,1656,1636,1666,1691,1623,1594,1579,1678,1753,1764,1730,1765,1725,1726,1757,1726,1718,1700,1715,1734,1666,1627,1608,1684,1685,1739,1693,1673,1616,1650,1718,1732,1761,1756,1711,1696,1715,1686,1726,1718,1742,1734,1707,1745,1683,1683,1675,1675,1761,1725,1656,1575,1663,1728,1741,1780,1762,1769,1777,1785,1753,1738,1721,1780,1753,1726,1693
1697,1617,1627,1653,1663,1668,1644,1632,1689,1656,1630,1641,1652,1630,1618,1614,1638,1705,1631,1646,1631,1682,1662,1641,1643,1639,1657,1655,1664,1672,1677,1650,1657,1656,1666,1635,1635,1697,1650,1718,1690,1716,1680,1704,1699,1667,1658,1680,1696,1703,1697,1722,1706,1709,1697,1733,1707,1699,1725,1708,1708,1672,1704,1695,1694,1693,1651,1688,1667,1671,1713,1722
1466,1418,1427,1468,1425,1449,1449,1416,1423,1402,1391,1361,1389,1465,1479,1407,1406,1398,1361,1413,1387,1383,1353,1397,1402,1392,1396,1410,1406,1424,1427,1370,1403,1351,1387,1357,1354,1397,1467,1360,1336,1371,1374,1407,1466,1441,1423,1372,1363,1371,1363,1379,1350,1385,1352,1418,1375,1417,1353,1368,1366,1400,1415,1359,1371,1401,1382,1362,1375,1362,1354,1403
1531,1583,1669,1661,1647,1647,1562,1575,1548,1684,1574,1557,1613,1670,1621,1551,1564,1588,1570,1623,1627,1585,1598,1596,1590,1587,1575,1574,1583,1611,1608,1620,1672,1580,1575,1624,1614,1603,1638,1654,1576,1665,1604,1678,1620,1680,1659,1587,1599,1652,1640,1660,1634,1648,1663,1670,1685,1717,1667,1641,1682,1678,1677,1576,1641,1654,1648,1638,1665,1641,1630,1707
1718,1680,1667,1658,1681,1704,1673,1655,1675,1678,1670,1659,1674,1640,1657,1661,1674,1693,1683,1652,1685,1668,1672,1677,1683,1663,1660,1642,1643,1680,1644,1669,1647,1649,1681,1672,1648,1678,1673,1684,1727,1666,1687,1676,1667,1679,1644,1667,1707,1697,1675,1730,1684,1730,1712,1716,1722,1706,1709,1749,1743,1686,1728,1680,1693,1704,1688,1696,1708,1705,1712,1690
1637,1529,1529,1532,1537,1556,1555,1502,1439,1493,1434,1452,1499,1438,1415,1448,1439,1455,1446,1460,1538,1507,1518,1500,1521,1495,1477,1460,1493,1510,1483,1512,1518,1434,1498,1490,1462,1467,1497,1507,1469,1473,1409,1444,1498,1497,1479,1451,1447,1448,1479,1489,1564,1519,1476,1433,1493,1474,1469,1475,1496,1443,1484,1466,1472,1465,1510,1492,1493,1511,1505,1541
1680,1664,1669,1664,1671,1673,1684,1670,1640,1704,1644,1697,1728,1571,1621,1663,1628,1691,1692,1709,1734,1666,1705,1702,1710,1693,1699,1715,1708,1728,1733,1678,1731,1688,1751,1748,1738,1720,1710,1698,1702,1668,1691,1695,1725,1709,1690,1678,1721,1705,1689,1720,1675,1720,1713,1705,1709,1723,1746,1722,1734,1699,1718,1685,1729,1667,1711,1731,1703,1758,1734,1778
1603,1486,1528,1587,1519,1557,1536,1536,1518,1540,1527,1511,1523,1512,1503,1512,1522,1543,1524,1576,1519,1524,1546,1495,1513,1492,1482,1500,1526,1509,1489,1501,1511,1514,1502,1495,1537,1511,1496,1635,1596,1535,1499,1492,1576,1548,1571,1483,1525,1479,1491,1534,1528,1596,1562,1539,1509,1519,1503,1527,1517,1493,1493,1523,1512,1496,1492,1515,1551,1515,1497,1555
1653,1580,1654,1545,1619,1626,1621,1607,1597,1659,1591,1628,1621,1609,1521,1557,1574,1569,1566,1651,1630,1668,1639,1534,1584,1613,1599,1602,1551,1600,1648,1589,1618,1596,1639,1625,1604,1603,1630,1669,1576,1646,1607,1656,1663,1678,1642,1553,1607,1594,1600,1578,1570,1605,1531,1613,1588,1625,1608,1564,1548,1551,1591,1627,1614,1622,1541,1552,1588,1540,1592,1625
1496,1493,1469,1470,1431,1484,1437,1499,1505,1483,1470,1427,1489,1393,1396,1383,1393,1516,1482,1464,1531,1465,1484,1462,1429,1489,1424,1436,1431,1429,1469,1446,1533,1463,1486,1477,1516,1419,1535,1520,1483,1532,1502,1472,1504,1487,1492,1452,1481,1416,1451,1402,1582,1489,1516,1479,1493,1524,1488,1441,1401,1462,1465,1540,1467,1436,1451,1511,1443,1428,1461,1550
1455,1396,1496,1550,1500,1483,1442,1445,1477,1452,1372,1380,1474,1372,1469,1478,1462,1503,1415,1402,1408,1503,1422,1415,1432,1431,1407,1407,1423,1435,1435,1389,1400,1410,1398,1392,1449,1433,1403,1514,1380,1492,1426,1474,1507,1522,1430,1438,1467,1410,1421,1458,1496,1404,1391,1420,1429,1482,1377,1364,1458,1407,1434,1429,1451,1442,1463,1431,1396,1459,1476,1519
1495,1657,1640,1604,1625,1665,1542,1509,1558,1626,1588,1474,1617,1447,1573,1553,1597,1567,1533,1564,1483,1612,1552,1491,1531,1541,1469,1430,1507,1511,1559,1466,1485,1457,1498,1523,1533,1508,1626,1632,1530,1678,1507,1603,1577,1580,1516,1523,1451,1462,1517,1518,1494,1533,1533,1586,1616,1624,1535,1482,1491,1475,1502,1498,1542,1551,1511,1557,1528,1516,1462,1560
1697,1547,1523,1603,1539,1523,1531,1579,1526,1531,1547,1524,1525,1522,1579,1499,1559,1587,1545,1536,1605,1546,1515,1541,1570,1558,1551,1535,1555,1558,1579,1542,1642,1557,1568,1569,1601,1562,1626,1787,1672,1557,1495,1522,1558,1495,1606,1479,1529,1526,1551,1548,1791,1674,1556,1467,1528,1542,1534,1486,1532,1510,1554,1520,1507,1489,1537,1581,1561,1540,1537,1641
1368,1422,1395,1438,1413,1397,1387,1429,1521,1448,1457,1400,1419,1453,1473,1462,1436,1464,1379,1397,1447,1406,1401,1429,1417,1441,1415,1386,1425,1415,1476,1428,1440,1391,1414,1383,1413,1415,1463,1443,1394,1505,1377,1443,1490,1442,1427,1401,1422,1428,1453,1481,1457,1429,1408,1440,1442,1485,1456,1426,1463,1432,1455,1399,1455,1470,1442,1471,1443,1447,1443,1485
1528,1458,1490,1477,1459,1504,1405,1412,1437,1435,1427,1364,1437,1458,1479,1432,1425,1493,1426,1413,1454,1454,1411,1408,1433,1484,1423,1412,1403,1431,1438,1429,1429,1361,1414,1391,1463,1439,1412,1506,1426,1406,1415,1435,1453,1468,1433,1384,1451,1373,1402,1407,1446,1475,1471,1443,1409,1424,1427,1429,1411,1365,1413,1371,1419,1400,1392,1400,1432,1380,1400,1435
1459,1361,1408,1417,1392,1384,1390,1353,1376,1409,1351,1393,1370,1374,1389,1351,1355,1383,1367,1378,1383,1374,1342,1338,1376,1353,1314,1313,1356,1351,1327,1328,1338,1300,1344,1320,1291,1340,1328,1337,1309,1320,1283,1322,1339,1337,1307,1266,1331,1331,1304,1359,1349,1338,1342,1342,1335,1338,1359,1368,1364,1322,1350,1306,1332,1326,1314,1316,1326,1325,1364,1345
1456,1396,1439,1543,1454,1490,1475,1476,1511,1417,1441,1476,1484,1470,1515,1488,1522,1521,1464,1471,1521,1476,1434,1463,1473,1480,1507,1491,1498,1512,1542,1458,1509,1495,1463,1481,1529,1535,1505,1519,1435,1447,1498,1522,1547,1570,1496,1495,1516,1506,1533,1539,1533,1445,1432,1477,1495,1504,1475,1504,1522,1507,1553,1449,1535,1529,1511,1523,1518,1533,1547,1557
1337,1333,1385,1354,1302,1323,1305,1315,1320,1320,1285,1305,1322,1321,1334,1326,1311,1341,1324,1342,1347,1319,1287,1280,1305,1328,1282,1285,1285,1328,1286,1288,1319,1297,1270,1315,1332,1334,1346,1382,1330,1348,1321,1329,1341,1330,1343,1302,1312,1306,1320,1351,1366,1365,1345,1348,1327,1349,1337,1331,1348,1353,1369,1339,1350,1357,1348,1366,1353,1350,1383,1390
1415,1320,1364,1343,1341,1343,1368,1294,1333,1319,1288,1325,1400,1327,1356,1371,1297,1330,1348,1390,1355,1305,1311,1347,1288,1344,1315,1308,1319,1332,1332,1324,1328,1306,1351,1325,1284,1308,1343,1357,1304,1348,1313,1319,1308,1303,1299,1333,1316,1303,1322,1318,1335,1300,1323,1295,1305,1313,1319,1304,1314,1303,1297,1291,1265,1274,1294,1301,1301,1300,1313,1358
1483,1420,1406,1464,1387,1395,1379,1369,1366,1373,1351,1346,1360,1404,1397,1356,1367,1387,1383,1370,1383,1406,1367,1338,1349,1366,1347,1361,1412,1397,1385,1384,1386,1384,1381,1351,1337,1360,1377,1404,1394,1389,1370,1354,1376,1387,1385,1362,1345,1342,1351,1371,1364,1385,1376,1352,1334,1381,1394,1392,1413,1360,1359,1338,1343,1341,1352,1344,1378,1364,1375,1386
1446,1408,1384,1382,1382,1378,1358,1303,1362,1347,1289,1338,1350,1355,1387,1325,1350,1347,1354,1347,1376,1378,1336,1337,1350,1337,1349,1347,1364,1348,1347,1331,1342,1357,1330,1334,1308,1339,1336,1345,1328,1320,1312,1333,1324,1332,1318,1322,1315,1346,1321,1308,1354,1321,1324,1301,1298,1343,1295,1286,1341,1303,1316,1332,1359,1320,1306,1312,1324,1312,1297,1340
1692,1563,1564,1645,1610,1632,1700,1680,1673,1654,1667,1567,1739,1654,1680,1706,1696,1734,1692,1610,1609,1695,1683,1620,1669,1567,1592,1613,1662,1688,1691,1667,1604,1630,1666,1687,1576,1630,1644,1632,1655,1670,1631,1653,1677,1685,1634,1635,1667,1636,1657,1674,1725,1688,1688,1722,1699,1660,1656,1674,1663,1700,1688,1676,1735,1681,1684,1678,1671,1670,1656,1589
1578,1494,1521,1585,1663,1628,1562,1564,1609,1667,1583,1646,1637,1538,1495,1596,1545,1627,1694,1584,1635,1563,1581,1603,1543,1614,1602,1610,1514,1576,1651,1612,1581,1619,1586,1593,1568,1560,1580,1584,1556,1529,1610,1659,1592,1593,1626,1649,1672,1673,1642,1626,1612,1630,1591,1563,1593,1620,1650,1602,1531,1623,1658,1573,1557,1665,1592,1654,1561,1594,1593,1613
1547,1541,1693,1624,1734,1700,1763,1671,1753,1650,1586,1673,1716,1649,1709,1686,1699,1775,1761,1704,1684,1711,1709,1624,1614,1659,1723,1691,1748,1666,1682,1652,1705,1703,1716,1709,1655,1721,1707,1683,1617,1678,1621,1639,1686,1670,1668,1674,1697,1632,1694,1723,1772,1685,1633,1684,1660,1719,1667,1674,1705,1680,1733,1714,1668,1731,1698,1695,1705,1724,1748,1735
1548,1523,1613,1582,1653,1669,1702,1599,1641,1652,1560,1618,1640,1563,1600,1616,1622,1699,1648,1655,1677,1657,1631,1659,1600,1619,1598,1636,1646,1641,1664,1589,1649,1618,1684,1679,1614,1628,1637,1623,1604,1656,1597,1628,1656,1656,1632,1601,1678,1658,1607,1641,1695,1661,1634,1617,1625,1657,1622,1659,1691,1691,1671,1599,1636,1664,1638,1622,1663,1631,1649,1651
1585,1562,1526,1603,1649,1754,1671,1592,1578,1668,1602,1602,1697,1611,1623,1669,1692,1684,1713,1692,1717,1647,1641,1681,1623,1649,1643,1659,1644,1661,1729,1648,1674,1691,1721,1642,1597,1671,1669,1612,1597,1676,1607,1629,1627,1637,1639,1642,1674,1698,1684,1680,1672,1658,1576,1573,1545,1563,1581,1614,1615,1622,1630,1582,1626,1545,1546,1590,1584,1580,1668,1636
1591,1607,1732,1699,1758,1774,1708,1669,1666,1678,1616,1570,1694,1575,1555,1591,1618,1723,1678,1693,1713,1655,1669,1655,1637,1649,1647,1672,1719,1655,1683,1605,1710,1626,1655,1670,1658,1696,1701,1655,1527,1697,1616,1591,1719,1683,1693,1582,1616,1622,1646,1703,1677,1679,1653,1654,1665,1637,1613,1549,1616,1621,1642,1617,1667,1701,1636,1591,1600,1592,1589,1700
1620,1688,1580,1640,1605,1615,1582,1531,1536,1651,1557,1559,1579,1490,1532,1630,1555,1577,1610,1630,1692,1582,1613,1587,1583,1540,1606,1596,1565,1536,1569,1514,1587,1594,1622,1648,1633,1645,1653,1708,1689,1590,1659,1578,1617,1623,1610,1637,1617,1641,1596,1627,1661,1644,1643,1626,1575,1633,1632,1556,1572,1539,1583,1585,1559,1575,1607,1635,1588,1604,1606,1634
1598,1500,1565,1554,1606,1568,1574,1616,1615,1667,1560,1507,1620,1601,1654,1616,1620,1624,1657,1587,1627,1607,1628,1576,1540,1597,1621,1647,1617,1601,1683,1570,1573,1621,1611,1646,1585,1608,1632,1521,1459,1614,1507,1533,1552,1596,1541,1564,1568,1531,1516,1544,1516,1486,1464,1487,1541,1504,1546,1559,1484,1531,1507,1537,1493,1506,1536,1506,1561,1559,1569,1476
1618,1586,1664,1594,1690,1619,1701,1713,1668,1578,1675,1640,1636,1452,1471,1660,1556,1650,1657,1666,1653,1565,1667,1712,1680,1646,1683,1701,1654,1714,1650,1730,1686,1642,1676,1681,1661,1680,1670,1625,1534,1567,1535,1603,1665,1627,1542,1567,1603,1566,1577,1633,1539,1545,1504,1603,1583,1558,1546,1550,1571,1542,1574,1562,1620,1613,1529,1531,1551,1552,1545,1585
1624,1580,1613,1613,1615,1612,1579,1551,1581,1590,1564,1603,1544,1503,1494,1570,1568,1590,1620,1617,1612,1621,1657,1638,1640,1596,1621,1605,1566,1600,1653,1658,1620,1592,1613,1596,1631,1672,1668,1606,1583,1642,1582,1551,1618,1591,1591,1563,1621,1594,1574,1602,1564,1594,1588,1581,1615,1590,1553,1570,1601,1556,1587,1572,1595,1574,1532,1584,1579,1513,1534,1623
1393,1348,1381,1387,1355,1412,1361,1351,1368,1374,1334,1355,1348,1405,1397,1415,1363,1340,1335,1367,1337,1386,1375,1333,1409,1341,1334,1340,1387,1316,1344,1343,1403,1343,1373,1364,1378,1379,1373,1408,1372,1375,1360,1353,1410,1414,1386,1325,1328,1335,1343,1360,1415,1376,1372,1370,1345,1382,1380,1354,1394,1401,1373,1378,1398,1428,1367,1405,1455,1405,1372,1487
1492,1429,1539,1565,1530,1567,1616,1527,1575,1544,1525,1458,1565,1491,1557,1558,1526,1646,1664,1495,1540,1571,1528,1482,1481,1522,1496,1547,1512,1505,1515,1495,1522,1541,1548,1504,1511,1505,1494,1653,1581,1649,1547,1575,1701,1627,1641,1619,1568,1566,1548,1586,1659,1626,1535,1647,1618,1603,1554,1553,1614,1593,1552,1591,1547,1593,1549,1551,1552,1597,1551,1550
1514,1506,1562,1535,1531,1436,1486,1487,1516,1601,1498,1540,1476,1398,1447,1472,1506,1511,1595,1561,1565,1523,1595,1521,1539,1518,1562,1573,1505,1539,1561,1597,1547,1584,1599,1578,1611,1526,1549,1650,1542,1553,1609,1590,1626,1623,1574,1541,1577,1516,1514,1525,1614,1634,1551,1528,1535,1563,1579,1561,1522,1544,1550,1526,1479,1444,1531,1553,1537,1484,1586,1545
1665,1640,1667,1625,1638,1677,1722,1666,1712,1626,1602,1707,1667,1588,1634,1681,1675,1701,1651,1643,1650,1701,1635,1657,1715,1708,1665,1638,1672,1651,1697,1659,1654,1674,1681,1711,1709,1701,1711,1622,1599,1722,1648,1677,1687,1692,1674,1665,1709,1641,1660,1675,1692,1692,1656,1678,1698,1689,1652,1695,1728,1709,1740,1666,1722,1721,1687,1647,1692,1720,1702,1665
1581,1548,1585,1570,1601,1575,1611,1546,1569,1567,1535,1586,1611,1574,1555,1608,1559,1653,1553,1621,1570,1560,1605,1581,1573,1619,1511,1555,1591,1543,1551,1547,1584,1589,1546,1541,1566,1573,1599,1551,1520,1593,1539,1542,1600,1599,1601,1580,1537,1611,1587,1592,1587,1518,1530,1612,1562,1578,1511,1570,1573,1561,1584,1549,1556,1594,1578,1577,1579,1608,1602,1565
1650,1711,1688,1614,1699,1669,1670,1660,1690,1573,1601,1645,1664,1607,1660,1692,1641,1706,1697,1676,1721,1600,1667,1700,1727,1696,1711,1736,1648,1714,1718,1736,1676,1735,1727,1751,1754,1684,1656,1625,1671,1636,1703,1655,1715,1684,1739,1695,1722,1708,1731,1753,1607,1721,1717,1754,1748,1724,1768,1777,1745,1734,1740,1737,1759,1749,1692,1714,1709,1651,1726,1623
1633,1622,1648,1600,1646,1683,1628,1610,1629,1669,1614,1640,1678,1626,1654,1668,1654,1661,1618,1601,1653,1589,1594,1658,1646,1677,1679,1600,1677,1674,1706,1641,1665,1668,1652,1611,1686,1655,1671,1659,1607,1605,1538,1563,1571,1580,1585,1570,1589,1574,1573,1642,1645,1666,1685,1650,1647,1672,1634,1591,1661,1634,1677,1660,1650,1690,1655,1663,1669,1656,1714,1719
1429,1506,1536,1544,1489,1546,1419,1467,1534,1501,1497,1506,1461,1531,1503,1434,1476,1528,1475,1471,1518,1530,1454,1501,1515,1509,1432,1434,1475,1467,1409,1427,1463,1431,1477,1462,1529,1485,1493,1548,1447,1469,1425,1424,1484,1459,1480,1432,1446,1463,1460,1483,1495,1478,1507,1464,1523,1501,1490,1437,1466,1499,1460,1432,1444,1482,1498,1454,1498,1507,1493,1534
1622,1538,1659,1744,1658,1702,1674,1671,1654,1620,1631,1634,1683,1789,1778,1744,1758,1710,1673,1690,1681,1735,1687,1710,1724,1702,1711,1726,1723,1725,1735,1723,1725,1671,1690,1726,1726,1757,1710,1739,1684,1722,1708,1701,1792,1775,1782,1748,1747,1756,1721,1729,1756,1727,1724,1732,1741,1738,1691,1685,1730,1709,1730,1763,1758,1760,1759,1718,1706,1714,1680,1713
1566,1713,1636,1632,1533,1609,1492,1466,1495,1538,1479,1456,1519,1572,1525,1506,1516,1528,1454,1538,1612,1496,1475,1476,1484,1475,1444,1452,1453,1447,1507,1451,1566,1458,1438,1452,1511,1445,1603,1583,1595,1607,1452,1482,1602,1579,1583,1491,1488,1469,1496,1489,1551,1545,1541,1504,1507,1536,1550,1506,1504,1511,1533,1507,1549,1558,1535,1531,1535,1559,1543,1673
1664,1625,1684,1656,1709,1730,1704,1697,1689,1692,1665,1726,1727,1714,1706,1753,1719,1736,1753,1712,1741,1703,1747,1761,1737,1775,1708,1711,1731,1717,1688,1751,1736,1757,1725,1749,1720,1710,1746,1756,1737,1758,1774,1779,1794,1805,1766,1826,1763,1768,1784,1776,1772,1779,1779,1728,1741,1755,1771,1748,1781,1751,1794,1782,1785,1735,1749,1792,1759,1790,1774,1725
1456,1507,1603,1529,1528,1631,1598,1513,1569,1600,1493,1488,1559,1530,1591,1569,1511,1589,1553,1588,1491,1506,1545,1475,1474,1519,1492,1536,1505,1454,1519,1444,1516,1494,1450,1477,1543,1440,1549,1688,1520,1596,1455,1511,1555,1614,1545,1468,1482,1462,1484,1509,1589,1537,1483,1542,1493,1587,1532,1462,1510,1474,1498,1450,1505,1516,1484,1465,1559,1549,1481,1645
1543,1624,1630,1636,1621,1622,1592,1594,1626,1658,1557,1491,1565,1601,1641,1515,1552,1635,1536,1607,1638,1575,1531,1579,1545,1603,1506,1533,1634,1510,1558,1543,1658,1530,1534,1517,1588,1486,1584,1531,1470,1555,1415,1451,1492,1479,1541,1404,1402,1421,1473,1478,1511,1449,1441,1425,1431,1456,1465,1447,1485,1456,1465,1436,1452,1507,1471,1440,1545,1468,1529,1591
1666,1630,1622,1642,1618,1640,1597,1655,1672,1615,1604,1623,1694,1708,1723,1708,1738,1708,1623,1686,1686,1660,1667,1693,1721,1726,1681,1662,1692,1673,1678,1703,1714,1682,1665,1712,1723,1708,1673,1586,1632,1585,1656,1681,1659,1673,1709,1683,1713,1713,1672,1685,1641,1635,1652,1649,1690,1660,1697,1675,1736,1704,1703,1664,1737,1705,1727,1702,1732,1714,1670,1618
1457,1418,1476,1491,1487,1458,1459,1526,1568,1463,1487,1467,1445,1443,1484,1483,1522,1537,1467,1487,1533,1484,1525,1556,1529,1581,1560,1555,1553,1518,1540,1536,1515,1535,1578,1597,1586,1581,1545,1522,1511,1510,1590,1555,1568,1603,1550,1598,1590,1531,1542,1527,1543,1515,1508,1527,1489,1503,1530,1476,1477,1483,1510,1463,1531,1506,1487,1530,1484,1516,1532,1510
1540,1341,1450,1362,1432,1346,1371,1400,1392,1328,1380,1351,1326,1363,1354,1318,1320,1477,1306,1360,1418,1330,1296,1365,1284,1418,1290,1294,1292,1287,1351,1283,1384,1354,1318,1328,1376,1298,1342,1464,1337,1342,1288,1317,1375,1395,1374,1290,1317,1287,1360,1291,1445,1364,1340,1286,1389,1330,1311,1281,1279,1286,1267,1297,1295,1317,1390,1314,1281,1262,1255,1310
1667,1591,1634,1657,1571,1613,1589,1528,1592,1565,1481,1510,1538,1627,1621,1549,1557,1585,1510,1634,1605,1606,1540,1578,1569,1586,1515,1554,1636,1542,1577,1531,1660,1622,1543,1544,1577,1570,1626,1635,1583,1673,1507,1531,1624,1655,1648,1550,1517,1529,1585,1575,1744,1641,1543,1559,1550,1551,1583,1520,1546,1511,1543,1528,1520,1568,1548,1521,1548,1543,1616,1727
1351,1255,1244,1241,1260,1246,1253,1215,1279,1251,1197,1218,1248,1234,1260,1238,1211,1229,1209,1243,1256,1192,1239,1246,1191,1198,1160,1199,1176,1183,1203,1190,1240,1208,1256,1234,1231,1214,1210,1256,1229,1197,1180,1164,1226,1185,1171,1187,1157,1174,1178,1164,1243,1226,1207,1167,1179,1132,1197,1150,1157,1168,1204,1197,1191,1221,1199,1226,1212,1196,1195,1198
1450,1566,1619,1553,1516,1588,1482,1444,1489,1538,1416,1421,1471,1523,1492,1447,1470,1519,1472,1532,1463,1481,1417,1386,1431,1506,1412,1402,1435,1416,1482,1452,1484,1435,1415,1439,1458,1437,1516,1555,1498,1531,1462,1453,1487,1490,1496,1447,1461,1433,1456,1448,1502,1462,1420,1428,1417,1424,1402,1416,1470,1376,1392,1404,1444,1464,1398,1358,1408,1400,1398,1511
1696,1672,1666,1675,1671,1687,1650,1651,1660,1628,1653,1697,1657,1628,1644,1635,1649,1707,1669,1675,1701,1693,1681,1643,1657,1627,1650,1668,1636,1662,1713,1664,1696,1677,1652,1689,1660,1658,1675,1698,1657,1666,1669,1668,1704,1695,1720,1682,1668,1652,1639,1669,1680,1687,1701,1685,1721,1716,1695,1672,1679,1680,1691,1656,1671,1683,1690,1680,1698,1634,1657,1658
1728,1641,1663,1697,1725,1731,1749,1752,1745,1721,1716,1689,1739,1664,1698,1711,1694,1721,1738,1689,1695,1699,1727,1764,1770,1770,1716,1716,1725,1746,1768,1775,1762,1741,1774,1779,1779,1796,1777,1721,1653,1692,1680,1702,1701,1723,1667,1658,1723,1699,1707,1749,1722,1700,1687,1694,1711,1729,1706,1727,1725,1703,1732,1630,1663,1722,1685,1649,1693,1683,1730,1690
1368,1348,1314,1334,1259,1336,1269,1336,1375,1337,1358,1319,1302,1307,1349,1268,1352,1343,1316,1355,1347,1338,1295,1340,1330,1344,1292,1329,1312,1312,1356,1318,1366,1349,1330,1332,1345,1320,1371,1400,1353,1313,1332,1370,1381,1389,1414,1338,1353,1363,1379,1364,1388,1366,1367,1360,1347,1365,1333,1331,1359,1325,1329,1272,1335,1327,1347,1336,1393,1370,1356,1408
1558,1600,1585,1620,1558,1564,1583,1571,1589,1557,1504,1536,1565,1592,1593,1552,1541,1561,1531,1552,1558,1565,1549,1551,1523,1519,1508,1509,1491,1512,1518,1491,1538,1510,1507,1529,1518,1541,1576,1532,1520,1507,1499,1537,1561,1558,1564,1522,1475,1473,1500,1519,1538,1507,1511,1484,1465,1511,1544,1520,1522,1524,1546,1511,1533,1551,1507,1504,1542,1508,1522,1548
1448,1466,1442,1471,1411,1507,1407,1420,1399,1461,1406,1423,1479,1510,1500,1452,1464,1465,1421,1439,1483,1486,1425,1418,1402,1414,1378,1410,1368,1406,1438,1403,1469,1439,1425,1423,1426,1415,1447,1489,1433,1446,1397,1457,1447,1443,1464,1434,1393,1451,1461,1440,1529,1448,1445,1403,1424,1487,1453,1405,1445,1444,1413,1434,1404,1431,1420,1385,1439,1404,1400,1525
1741,1676,1669,1686,1609,1657,1650,1708,1683,1665,1646,1670,1682,1663,1690,1643,1678,1644,1654,1678,1716,1678,1661,1678,1695,1653,1649,1671,1694,1707,1705,1642,1691,1669,1664,1667,1682,1663,1693,1723,1700,1715,1703,1688,1706,1711,1697,1670,1698,1668,1680,1702,1730,1719,1721,1714,1686,1676,1730,1656,1666,1678,1667,1706,1697,1667,1709,1691,1691,1696,1684,1719
1453,1439,1441,1416,1411,1423,1380,1403,1432,1435,1341,1389,1397,1377,1365,1350,1365,1429,1385,1379,1390,1353,1348,1390,1361,1410,1351,1352,1319,1369,1388,1360,1391,1369,1361,1379,1402,1346,1413,1446,1383,1419,1397,1427,1396,1415,1388,1390,1409,1419,1409,1402,1463,1384,1391,1356,1387,1398,1410,1400,1376,1363,1386,1355,1361,1380,1413,1382,1409,1405,1397,1425
1520,1413,1425,1420,1430,1439,1438,1455,1417,1418,1410,1447,1462,1431,1457,1444,1450,1423,1409,1442,1462,1414,1413,1445,1488,1478,1472,1475,1547,1499,1474,1486,1467,1424,1448,1492,1472,1471,1496,1518,1478,1459,1464,1473,1471,1459,1474,1440,1538,1503,1489,1516,1514,1500,1522,1469,1456,1455,1496,1509,1493,1471,1481,1497,1470,1473,1551,1511,1506,1527,1532,1569
1488,1572,1570,1586,1490,1572,1513,1482,1484,1515,1456,1443,1532,1537,1509,1522,1503,1516,1541,1494,1540,1549,1532,1463,1457,1486,1496,1530,1507,1480,1498,1518,1559,1457,1487,1480,1498,1494,1584,1565,1553,1554,1546,1528,1582,1606,1620,1509,1478,1477,1494,1520,1538,1498,1516,1468,1390,1473,1483,1407,1421,1444,1421,1496,1470,1528,1477,1511,1449,1461,1459,1548
1660,1539,1549,1625,1593,1486,1497,1511,1564,1543,1587,1589,1534,1502,1490,1474,1525,1522,1528,1505,1611,1517,1534,1520,1569,1551,1552,1516,1517,1569,1597,1644,1581,1576,1601,1612,1604,1578,1547,1630,1645,1630,1618,1569,1585,1599,1584,1640,1605,1557,1548,1543,1567,1556,1561,1593,1603,1595,1592,1629,1596,1593,1608,1573,1566,1572,1524,1556,1537,1533,1541,1505
1479,1566,1634,1651,1627,1610,1647,1579,1598,1580,1501,1572,1651,1597,1642,1621,1620,1739,1564,1609,1609,1606,1566,1555,1552,1581,1593,1570,1568,1567,1571,1557,1581,1586,1553,1556,1598,1545,1563,1603,1574,1547,1572,1559,1599,1673,1593,1571,1538,1524,1565,1569,1605,1576,1559,1661,1628,1594,1534,1522,1602,1559,1585,1533,1592,1656,1555,1484,1517,1543,1579,1681
1635,1600,1634,1684,1567,1593,1540,1510,1604,1583,1527,1564,1559,1594,1630,1524,1531,1637,1530,1565,1602,1543,1526,1528,1528,1587,1505,1507,1480,1550,1540,1536,1601,1542,1535,1564,1602,1522,1571,1627,1589,1527,1491,1495,1604,1608,1604,1519,1519,1521,1559,1546,1637,1562,1544,1587,1608,1552,1596,1590,1627,1583,1639,1530,1561,1613,1551,1567,1580,1599,1553,1648
1506,1483,1497,1505,1444,1460,1474,1458,1440,1531,1463,1401,1458,1435,1446,1422,1435,1436,1428,1477,1506,1499,1498,1442,1466,1473,1432,1442,1412,1467,1456,1480,1474,1442,1475,1476,1465,1434,1501,1504,1500,1449,1455,1453,1557,1523,1517,1452,1451,1448,1464,1431,1521,1509,1452,1462,1420,1446,1475,1463,1444,1395,1440,1449,1426,1417,1420,1418,1434,1444,1412,1470
1446,1553,1578,1589,1637,1557,1641,1536,1640,1608,1496,1532,1604,1569,1556,1622,1562,1616,1576,1629,1539,1613,1626,1560,1543,1612,1516,1609,1579,1579,1598,1591,1586,1579,1528,1512,1583,1597,1601,1578,1573,1648,1614,1660,1676,1692,1631,1669,1580,1621,1657,1608,1588,1645,1590,1595,1595,1610,1573,1618,1588,1552,1559,1572,1585,1594,1556,1563,1576,1574,1580,1598
1498,1540,1472,1506,1447,1534,1468,1463,1497,1431,1428,1460,1438,1491,1483,1468,1482,1474,1459,1461,1447,1450,1435,1451,1428,1456,1438,1434,1440,1445,1439,1443,1463,1439,1416,1434,1416,1446,1464,1468,1471,1454,1451,1405,1477,1475,1462,1459,1440,1439,1454,1455,1492,1432,1427,1438,1441,1433,1421,1427,1428,1432,1460,1434,1450,1460,1442,1427,1460,1444,1446,1437
1692,1715,1724,1692,1683,1688,1667,1575,1633,1667,1587,1632,1651,1658,1638,1603,1579,1631,1659,1687,1691,1627,1615,1521,1536,1601,1551,1585,1582,1542,1578,1590,1657,1544,1581,1568,1552,1559,1647,1612,1585,1607,1498,1515,1560,1604,1561,1528,1532,1555,1549,1550,1572,1604,1639,1640,1601,1624,1638,1617,1629,1583,1641,1631,1627,1619,1624,1553,1569,1565,1625,1759
1712,1704,1710,1698,1663,1709,1687,1685,1731,1671,1690,1629,1676,1580,1681,1661,1649,1694,1712,1719,1747,1737,1699,1704,1676,1705,1669,1679,1734,1720,1735,1742,1741,1724,1723,1734,1696,1747,1753,1665,1650,1676,1661,1659,1665,1638,1663,1655,1668,1599,1623,1610,1672,1651,1665,1589,1640,1637,1596,1572,1625,1560,1619,1631,1566,1575,1577,1575,1604,1612,1580,1659
1473,1408,1391,1404,1443,1423,1383,1406,1391,1395,1344,1366,1388,1416,1390,1378,1377,1391,1367,1409,1416,1395,1356,1345,1360,1358,1378,1370,1376,1359,1366,1350,1368,1368,1356,1361,1369,1362,1359,1410,1345,1323,1318,1336,1358,1365,1366,1306,1340,1321,1320,1335,1383,1393,1361,1365,1355,1359,1376,1352,1369,1348,1323,1311,1339,1321,1333,1335,1358,1321,1352,1382
1531,1485,1476,1507,1426,1462,1441,1453,1455,1477,1405,1464,1461,1453,1513,1444,1487,1430,1451,1464,1493,1448,1463,1466,1436,1513,1429,1450,1460,1437,1441,1436,1487,1430,1426,1441,1459,1437,1534,1464,1422,1454,1379,1440,1453,1461,1446,1400,1443,1444,1425,1438,1502,1485,1424,1399,1401,1391,1507,1451,1491,1458,1462,1448,1446,1425,1449,1458,1467,1517,1452,1528
1589,1570,1579,1569,1620,1603,1598,1604,1587,1580,1606,1676,1587,1621,1583,1616,1606,1628,1649,1629,1592,1579,1617,1645,1667,1661,1632,1611,1620,1644,1651,1627,1611,1652,1656,1645,1629,1638,1655,1677,1598,1621,1647,1627,1617,1624,1590,1590,1599,1600,1645,1601,1596,1650,1653,1596,1628,1570,1598,1618,1638,1641,1612,1580,1643,1611,1635,1604,1614,1605,1624,1586
1418,1340,1338,1358,1415,1393,1426,1476,1445,1369,1403,1371,1450,1390,1435,1431,1513,1423,1461,1408,1435,1353,1435,1469,1468,1423,1434,1438,1458,1506,1452,1471,1503,1458,1427,1442,1485,1484,1446,1494,1429,1433,1486,1524,1464,1453,1460,1469,1520,1493,1542,1485,1542,1508,1508,1472,1511,1510,1473,1478,1519,1532,1504,1457,1452,1528,1487,1477,1489,1521,1536,1564
1487,1491,1472,1417,1438,1436,1408,1382,1439,1429,1378,1416,1409,1432,1432,1414,1395,1455,1434,1426,1428,1465,1417,1392,1378,1434,1383,1378,1372,1357,1402,1358,1439,1394,1401,1407,1407,1389,1415,1425,1365,1396,1346,1366,1391,1396,1407,1382,1379,1391,1424,1411,1401,1400,1397,1436,1403,1414,1416,1423,1471,1443,1417,1426,1450,1441,1429,1416,1428,1446,1433,1474
1695,1666,1654,1622,1667,1690,1704,1689,1644,1658,1671,1626,1689,1688,1656,1627,1653,1668,1641,1697,1671,1699,1685,1685,1624,1674,1700,1668,1606,1694,1642,1682,1670,1631,1720,1659,1695,1634,1701,1687,1637,1631,1625,1632,1640,1592,1603,1621,1617,1600,1605,1599,1577,1672,1635,1630,1631,1668,1612,1600,1618,1637,1634,1606,1675,1628,1638,1609,1553,1677,1642,1603
1795,1674,1673,1706,1636,1593,1697,1759,1751,1613,1684,1720,1680,1661,1760,1655,1768,1738,1698,1605,1775,1586,1654,1782,1792,1755,1791,1809,1759,1795,1796,1777,1781,1695,1765,1780,1774,1768,1711,1767,1740,1715,1750,1794,1728,1727,1731,1730,1825,1812,1821,1832,1801,1768,1765,1753,1770,1737,1752,1688,1667,1761,1711,1756,1755,1790,1761,1790,1756,1778,1764,1787
1465,1456,1528,1489,1544,1490,1484,1486,1463,1563,1460,1503,1516,1499,1534,1499,1481,1492,1521,1550,1482,1502,1475,1459,1511,1513,1478,1474,1495,1522,1543,1523,1518,1505,1492,1460,1507,1479,1515,1616,1460,1540,1502,1518,1560,1543,1528,1533,1524,1532,1536,1554,1547,1475,1483,1507,1524,1575,1505,1562,1561,1548,1552,1557,1550,1556,1522,1539,1535,1537,1524,1569
1555,1578,1584,1525,1452,1537,1464,1428,1486,1497,1434,1446,1429,1454,1462,1412,1402,1447,1476,1481,1514,1451,1456,1426,1436,1457,1415,1423,1409,1415,1433,1430,1477,1428,1439,1452,1437,1431,1523,1528,1509,1463,1436,1434,1501,1489,1503,1442,1397,1420,1447,1454,1476,1461,1421,1414,1424,1444,1451,1456,1464,1426,1452,1444,1462,1441,1435,1423,1454,1444,1436,1511
1485,1381,1429,1427,1377,1423,1367,1433,1453,1445,1362,1372,1379,1425,1422,1395,1425,1500,1382,1432,1461,1381,1416,1459,1464,1479,1366,1424,1402,1429,1400,1423,1484,1399,1397,1424,1492,1380,1437,1455,1383,1337,1373,1416,1406,1415,1399,1379,1442,1422,1470,1416,1487,1443,1458,1426,1452,1482,1499,1466,1465,1413,1432,1403,1394,1433,1479,1413,1449,1428,1423,1529
1786,1715,1730,1760,1725,1773,1766,1785,1759,1732,1719,1756,1747,1768,1748,1726,1710,1736,1722,1762,1747,1754,1742,1735,1755,1780,1794,1791,1790,1800,1798,1798,1796,1752,1773,1778,1792,1776,1753,1764,1727,1758,1744,1748,1752,1753,1761,1757,1774,1760,1767,1784,1783,1772,1774,1788,1783,1779,1754,1777,1760,1737,1716,1736,1721,1756,1743,1705,1722,1734,1773,1750
1478,1394,1355,1383,1365,1339,1354,1370,1367,1373,1345,1340,1330,1345,1348,1332,1349,1388,1351,1349,1414,1357,1379,1387,1366,1386,1377,1384,1362,1361,1355,1382,1401,1338,1359,1364,1329,1353,1394,1401,1366,1369,1388,1349,1365,1371,1371,1360,1372,1373,1350,1352,1393,1379,1342,1331,1332,1314,1342,1323,1345,1294,1298,1320,1309,1305,1319,1288,1312,1279,1319,1391
1464,1539,1554,1527,1510,1487,1540,1511,1525,1486,1420,1464,1494,1559,1574,1479,1494,1549,1444,1482,1505,1486,1497,1439,1497,1502,1431,1411,1399,1457,1460,1455,1490,1446,1444,1479,1455,1459,1514,1513,1473,1500,1433,1455,1546,1571,1534,1518,1442,1459,1472,1457,1538,1503,1483,1484,1497,1477,1520,1504,1553,1485,1524,1488,1491,1510,1536,1519,1541,1570,1479,1577
1554,1581,1637,1615,1639,1659,1594,1586,1634,1591,1589,1619,1641,1655,1621,1666,1615,1674,1617,1646,1641,1597,1592,1663,1638,1633,1637,1650,1640,1647,1612,1623,1631,1638,1669,1664,1672,1702,1672,1596,1615,1651,1615,1585,1593,1604,1583,1612,1598,1581,1570,1581,1615,1647,1670,1645,1610,1592,1610,1607,1639,1600,1598,1598,1674,1625,1619,1578,1582,1571,1580,1614
1492,1378,1353,1340,1332,1367,1374,1426,1396,1404,1354,1393,1418,1307,1391,1385,1395,1402,1398,1408,1465,1436,1450,1445,1400,1415,1448,1447,1413,1422,1443,1419,1478,1442,1449,1451,1440,1436,1479,1554,1488,1499,1477,1493,1473,1471,1474,1463,1449,1440,1465,1437,1556,1464,1480,1444,1418,1416,1455,1415,1424,1428,1434,1447,1422,1421,1432,1426,1420,1440,1492,1527
1698,1661,1647,1602,1611,1606,1614,1589,1583,1592,1546,1587,1599,1589,1594,1571,1597,1593,1588,1615,1610,1623,1617,1572,1526,1570,1581,1543,1513,1551,1591,1551,1578,1611,1542,1570,1560,1584,1599,1635,1557,1560,1588,1564,1588,1596,1613,1555,1519,1485,1529,1511,1574,1613,1570,1494,1536,1521,1582,1560,1533,1517,1498,1527,1550,1539,1571,1566,1552,1565,1577,1620
1709,1606,1606,1617,1688,1646,1662,1707,1635,1638,1618,1642,1682,1621,1647,1669,1660,1639,1712,1644,1652,1657,1613,1690,1720,1678,1725,1702,1709,1707,1703,1702,1697,1628,1617,1689,1667,1679,1636,1598,1636,1628,1679,1716,1693,1685,1670,1674,1741,1713,1714,1726,1669,1667,1692,1671,1690,1680,1681,1706,1683,1697,1667,1694,1701,1717,1698,1721,1700,1705,1708,1686
1518,1526,1546,1548,1612,1549,1568,1600,1574,1539,1539,1598,1563,1580,1640,1575,1604,1600,1513,1558,1544,1509,1551,1595,1639,1605,1606,1580,1522,1595,1567,1592,1587,1544,1597,1566,1564,1594,1592,1556,1557,1592,1583,1625,1603,1574,1552,1557,1605,1615,1631,1601,1603,1536,1600,1604,1589,1535,1599,1541,1576,1572,1564,1568,1551,1627,1629,1579,1589,1588,1611,1642
1480,1549,1639,1597,1524,1659,1511,1497,1558,1593,1475,1471,1621,1634,1650,1599,1573,1575,1536,1519,1561,1616,1511,1457,1445,1482,1465,1518,1486,1464,1545,1466,1540,1584,1517,1526,1539,1496,1533,1521,1519,1534,1503,1515,1563,1603,1559,1537,1540,1534,1566,1573,1539,1520,1527,1523,1521,1615,1642,1566,1561,1523,1517,1560,1569,1598,1542,1581,1617,1560,1559,1659
1514,1468,1532,1446,1499,1488,1477,1465,1531,1542,1465,1484,1507,1479,1475,1498,1449,1491,1505,1481,1437,1515,1526,1519,1479,1552,1441,1463,1466,1488,1495,1520,1476,1503,1510,1495,1500,1493,1513,1514,1534,1542,1511,1479,1520,1520,1497,1499,1492,1536,1501,1571,1535,1526,1510,1519,1562,1509,1535,1573,1549,1487,1499,1517,1517,1538,1534,1478,1557,1504,1532,1562
1413,1359,1353,1345,1327,1346,1318,1323,1324,1355,1305,1349,1351,1340,1340,1319,1358,1332,1312,1320,1347,1316,1298,1307,1313,1324,1318,1318,1325,1298,1334,1330,1332,1303,1312,1317,1315,1292,1325,1321,1315,1339,1284,1329,1325,1334,1324,1318,1280,1301,1325,1323,1371,1309,1283,1298,1275,1297,1296,1318,1352,1292,1307,1326,1337,1311,1296,1285,1308,1305,1319,1353
1598,1700,1709,1658,1650,1680,1680,1592,1683,1674,1592,1569,1723,1726,1745,1647,1670,1705,1623,1661,1631,1603,1636,1615,1609,1625,1577,1592,1645,1622,1656,1613,1643,1615,1592,1628,1644,1617,1683,1634,1608,1702,1632,1640,1709,1718,1697,1698,1661,1654,1690,1652,1701,1676,1652,1699,1684,1730,1701,1718,1741,1666,1720,1690,1692,1729,1709,1732,1747,1784,1699,1773
1417,1386,1370,1381,1327,1378,1357,1358,1407,1372,1312,1315,1340,1361,1401,1316,1360,1327,1310,1323,1384,1345,1361,1337,1377,1371,1337,1353,1353,1359,1348,1363,1371,1312,1364,1343,1326,1353,1369,1350,1302,1342,1304,1327,1332,1351,1382,1319,1361,1380,1373,1388,1356,1346,1352,1364,1389,1365,1354,1345,1370,1347,1380,1335,1343,1360,1396,1367,1376,1362,1350,1399
1532,1510,1555,1535,1572,1498,1595,1552,1592,1490,1477,1547,1538,1470,1596,1548,1527,1545,1574,1516,1562,1526,1497,1547,1560,1544,1576,1542,1610,1575,1500,1574,1635,1552,1584,1613,1554,1581,1572,1529,1599,1558,1676,1591,1613,1635,1570,1638,1612,1638,1619,1588,1615,1615,1617,1641,1667,1624,1653,1646,1663,1647,1658,1622,1649,1668,1628,1573,1639,1618,1606,1623
1483,1503,1566,1513,1498,1557,1554,1435,1528,1581,1461,1416,1564,1534,1538,1450,1459,1533,1508,1527,1510,1441,1448,1438,1428,1465,1399,1397,1436,1444,1422,1460,1484,1408,1405,1420,1485,1404,1492,1523,1499,1556,1421,1418,1525,1515,1484,1498,1481,1441,1510,1477,1528,1547,1478,1538,1541,1489,1544,1532,1511,1465,1526,1464,1467,1484,1488,1505,1491,1484,1461,1564
1634,1587,1636,1607,1686,1650,1623,1545,1630,1647,1515,1608,1615,1659,1635,1592,1573,1588,1590,1663,1628,1604,1560,1574,1617,1640,1629,1687,1659,1659,1625,1587,1656,1607,1577,1609,1632,1631,1611,1625,1669,1552,1595,1567,1558,1607,1600,1541,1660,1634,1580,1603,1719,1610,1584,1627,1621,1604,1612,1604,1573,1618,1569,1573,1604,1601,1602,1525,1620,1572,1645,1689
1540,1581,1609,1600,1578,1584,1562,1509,1511,1577,1479,1510,1517,1588,1574,1548,1568,1556,1561,1559,1591,1515,1492,1512,1544,1575,1530,1555,1598,1600,1572,1593,1606,1562,1504,1534,1603,1590,1566,1575,1583,1581,1582,1554,1566,1575,1554,1628,1626,1645,1664,1647,1688,1635,1645,1613,1637,1653,1624,1633,1636,1595,1565,1603,1640,1612,1566,1566,1655,1640,1667,1721
1498,1364,1349,1390,1363,1318,1377,1379,1385,1330,1346,1319,1343,1320,1395,1344,1415,1379,1352,1337,1379,1328,1353,1382,1390,1372,1362,1384,1362,1393,1398,1385,1414,1378,1353,1392,1390,1353,1362,1404,1331,1318,1321,1331,1356,1344,1320,1314,1399,1367,1352,1359,1387,1339,1327,1327,1332,1344,1349,1358,1348,1343,1353,1332,1304,1335,1353,1347,1346,1352,1357,1386
1554,1578,1623,1592,1561,1588,1634,1511,1606,1579,1532,1502,1628,1583,1672,1535,1533,1636,1623,1570,1508,1528,1529,1497,1446,1568,1541,1486,1581,1479,1525,1473,1567,1496,1499,1477,1513,1530,1582,1529,1533,1536,1525,1541,1555,1569,1517,1602,1501,1547,1582,1553,1566,1656,1624,1647,1723,1633,1649,1703,1700,1600,1621,1608,1642,1594,1618,1553,1629,1665,1661,1647
1626,1661,1640,1620,1578,1591,1581,1591,1574,1664,1534,1569,1559,1530,1502,1533,1527,1523,1583,1592,1638,1568,1583,1580,1564,1587,1581,1560,1603,1602,1639,1615,1608,1586,1598,1602,1595,1599,1617,1643,1654,1623,1639,1621,1662,1620,1655,1635,1668,1613,1595,1610,1573,1630,1601,1600,1585,1622,1558,1570,1575,1553,1586,1590,1643,1580,1575,1510,1541,1582,1563,1576
1481,1546,1499,1497,1511,1482,1507,1465,1477,1509,1470,1535,1542,1451,1459,1511,1462,1528,1538,1530,1538,1506,1547,1508,1447,1487,1499,1491,1458,1453,1452,1462,1526,1516,1515,1512,1488,1477,1512,1524,1507,1490,1507,1515,1512,1507,1484,1504,1487,1491,1478,1464,1562,1490,1499,1491,1472,1455,1501,1468,1438,1467,1476,1488,1485,1477,1453,1480,1468,1438,1497,1497
1517,1462,1437,1435,1401,1452,1441,1431,1418,1460,1395,1415,1452,1448,1444,1461,1448,1420,1389,1442,1467,1472,1468,1455,1455,1454,1471,1464,1463,1465,1473,1468,1461,1428,1475,1465,1476,1466,1505,1464,1479,1446,1461,1468,1556,1545,1553,1487,1472,1456,1478,1471,1529,1502,1450,1482,1459,1464,1480,1477,1480,1447,1479,1492,1488,1473,1492,1475,1449,1470,1459,1481
1441,1420,1411,1399,1410,1446,1440,1404,1411,1449,1437,1448,1435,1403,1364,1391,1353,1422,1411,1402,1386,1432,1445,1386,1372,1436,1427,1391,1369,1399,1394,1430,1393,1429,1409,1382,1361,1366,1431,1465,1423,1430,1441,1430,1407,1417,1402,1418,1397,1388,1394,1398,1455,1466,1456,1450,1435,1442,1405,1458,1458,1421,1447,1431,1440,1440,1408,1392,1410,1432,1409,1450
1595,1586,1687,1625,1671,1675,1651,1554,1574,1680,1527,1614,1601,1670,1625,1563,1527,1586,1626,1638,1598,1567,1561,1537,1523,1564,1528,1556,1553,1567,1550,1572,1603,1566,1516,1501,1533,1512,1507,1527,1500,1465,1484,1470,1483,1476,1442,1453,1438,1454,1456,1471,1567,1499,1476,1450,1448,1458,1444,1480,1533,1441,1444,1438,1447,1467,1448,1385,1489,1483,1484,1578
1345,1223,1227,1214,1215,1253,1247,1246,1216,1241,1214,1212,1250,1221,1227,1233,1228,1291,1215,1218,1257,1255,1241,1240,1225,1269,1260,1250,1197,1227,1227,1258,1251,1235,1249,1251,1255,1228,1264,1332,1273,1311,1284,1296,1279,1297,1308,1265,1282,1283,1272,1260,1368,1269,1244,1253,1224,1218,1235,1245,1250,1230,1237,1249,1224,1220,1225,1244,1252,1239,1245,1274
1602,1626,1711,1617,1659,1680,1686,1579,1619,1675,1590,1600,1657,1662,1641,1602,1569,1633,1669,1712,1608,1570,1633,1577,1545,1648,1554,1563,1532,1574,1615,1626,1613,1627,1598,1542,1625,1558,1656,1663,1627,1658,1659,1653,1669,1691,1669,1675,1624,1600,1579,1581,1645,1660,1617,1623,1604,1602,1620,1651,1658,1585,1623,1658,1610,1633,1602,1549,1642,1617,1608,1675
1527,1489,1469,1432,1476,1453,1487,1485,1488,1505,1458,1480,1471,1444,1447,1472,1480,1494,1443,1466,1496,1505,1475,1475,1474,1489,1486,1496,1463,1482,1485,1494,1529,1475,1494,1492,1498,1506,1520,1596,1583,1556,1529,1570,1601,1563,1559,1577,1535,1526,1542,1525,1617,1522,1530,1487,1483,1464,1531,1525,1525,1497,1547,1525,1476,1487,1507,1523,1488,1517,1501,1551
1657,1592,1612,1638,1617,1638,1590,1570,1594,1662,1551,1619,1588,1620,1601,1584,1616,1617,1603,1606,1624,1546,1563,1602,1556,1639,1586,1576,1557,1583,1626,1627,1656,1644,1585,1594,1655,1640,1646,1635,1634,1640,1612,1666,1690,1676,1654,1597,1664,1677,1622,1635,1697,1653,1615,1654,1620,1645,1646,1683,1724,1630,1642,1658,1660,1702,1652,1576,1686,1696,1694,1731
1496,1433,1428,1420,1450,1445,1440,1417,1449,1412,1386,1387,1440,1406,1442,1427,1413,1446,1436,1417,1440,1408,1427,1421,1381,1409,1448,1423,1373,1409,1423,1382,1400,1408,1397,1387,1375,1378,1393,1459,1441,1441,1420,1419,1410,1416,1415,1402,1375,1372,1405,1386,1441,1404,1377,1360,1367,1374,1381,1404,1402,1362,1390,1370,1345,1363,1363,1390,1390,1365,1371,1413
1609,1640,1666,1633,1608,1642,1641,1590,1621,1644,1599,1632,1606,1613,1552,1606,1571,1630,1613,1638,1635,1663,1645,1595,1622,1644,1640,1640,1609,1638,1645,1642,1630,1646,1640,1634,1638,1644,1658,1662,1624,1629,1599,1599,1627,1647,1632,1595,1604,1587,1601,1591,1632,1690,1644,1647,1605,1615,1628,1610,1577,1602,1563,1634,1616,1628,1577,1557,1566,1572,1605,1569
1609,1461,1515,1532,1516,1559,1495,1460,1447,1491,1447,1473,1480,1509,1502,1484,1433,1486,1449,1475,1470,1515,1470,1427,1470,1523,1431,1427,1419,1453,1447,1435,1439,1435,1455,1425,1458,1423,1503,1511,1481,1490,1451,1434,1508,1522,1509,1444,1415,1414,1461,1428,1528,1525,1454,1477,1469,1454,1466,1498,1492,1403,1422,1422,1397,1418,1449,1423,1447,1448,1457,1498
1464,1376,1384,1376,1313,1361,1344,1327,1331,1380,1316,1347,1381,1354,1351,1399,1347,1377,1387,1395,1376,1390,1386,1343,1331,1356,1298,1324,1338,1277,1333,1330,1380,1364,1359,1350,1364,1350,1390,1398,1380,1414,1344,1394,1395,1416,1440,1364,1357,1357,1392,1346,1506,1432,1371,1359,1346,1351,1362,1346,1377,1343,1366,1367,1351,1340,1390,1390,1404,1364,1389,1471
1427,1354,1347,1372,1361,1351,1362,1334,1379,1369,1317,1333,1387,1410,1391,1397,1382,1379,1331,1383,1371,1384,1347,1358,1344,1370,1369,1350,1326,1366,1400,1394,1385,1367,1370,1375,1379,1365,1382,1446,1407,1399,1358,1386,1480,1480,1462,1391,1411,1396,1416,1403,1493,1383,1357,1358,1365,1351,1374,1381,1401,1366,1382,1366,1389,1398,1381,1372,1387,1402,1379,1425
1380,1308,1296,1261,1282,1298,1300,1299,1282,1312,1251,1277,1323,1305,1277,1296,1292,1312,1280,1271,1337,1308,1310,1293,1297,1330,1317,1296,1293,1316,1288,1298,1316,1311,1323,1309,1303,1303,1341,1411,1370,1366,1346,1372,1352,1359,1365,1339,1352,1329,1321,1325,1399,1363,1325,1328,1348,1321,1333,1354,1362,1312,1338,1319,1344,1333,1301,1323,1324,1333,1338,1380
1490,1408,1339,1354,1285,1331,1317,1298,1337,1355,1292,1319,1349,1347,1317,1304,1285,1286,1325,1337,1388,1364,1351,1312,1305,1312,1314,1307,1314,1306,1335,1322,1343,1297,1305,1311,1304,1292,1334,1361,1356,1319,1305,1318,1375,1363,1368,1296,1303,1284,1284,1313,1373,1350,1322,1304,1284,1284,1330,1312,1314,1282,1296,1324,1306,1280,1288,1267,1321,1317,1299,1363
1356,1243,1283,1235,1347,1231,1324,1289,1325,1288,1296,1303,1316,1208,1337,1328,1339,1339,1289,1295,1301,1241,1273,1311,1284,1305,1261,1282,1212,1334,1319,1263,1325,1297,1299,1280,1278,1264,1313,1296,1224,1256,1289,1330,1286,1291,1257,1293,1260,1300,1273,1279,1394,1269,1280,1229,1264,1295,1278,1330,1263,1289,1291,1304,1286,1301,1278,1343,1279,1336,1284,1366
1686,1660,1661,1649,1639,1683,1557,1540,1589,1668,1544,1590,1561,1605,1622,1580,1601,1593,1596,1632,1609,1551,1604,1610,1576,1659,1600,1581,1586,1662,1613,1651,1649,1653,1618,1622,1675,1663,1683,1699,1709,1726,1730,1759,1724,1748,1747,1708,1665,1668,1636,1592,1712,1746,1706,1653,1637,1654,1666,1691,1729,1668,1675,1680,1666,1685,1656,1600,1664,1653,1691,1682
1540,1595,1672,1643,1645,1653,1678,1649,1638,1685,1540,1590,1638,1684,1688,1633,1684,1665,1620,1630,1582,1580,1615,1636,1626,1641,1566,1564,1566,1613,1636,1607,1593,1576,1571,1559,1637,1623,1620,1642,1571,1511,1512,1573,1565,1582,1550,1519,1512,1554,1533,1521,1671,1624,1549,1554,1536,1556,1553,1594,1651,1541,1558,1615,1591,1597,1585,1542,1630,1643,1645,1692
1502,1539,1675,1588,1667,1669,1668,1624,1632,1680,1597,1594,1657,1654,1620,1602,1603,1672,1592,1657,1548,1600,1625,1639,1599,1680,1612,1619,1595,1647,1625,1654,1622,1641,1601,1590,1647,1595,1612,1650,1566,1548,1521,1536,1527,1583,1531,1563,1525,1503,1527,1527,1663,1652,1545,1564,1569,1563,1491,1578,1600,1507,1558,1574,1573,1567,1520,1496,1524,1554,1542,1564
1402,1430,1398,1391,1390,1390,1398,1364,1377,1398,1370,1399,1398,1377,1359,1376,1365,1398,1398,1423,1431,1420,1390,1371,1373,1403,1372,1372,1373,1381,1393,1404,1407,1382,1366,1407,1382,1367,1430,1490,1427,1447,1439,1420,1463,1476,1456,1396,1415,1393,1409,1411,1509,1441,1432,1388,1391,1403,1406,1428,1437,1415,1403,1425,1408,1389,1410,1411,1412,1419,1415,1452
1660,1547,1556,1586,1629,1577,1610,1619,1643,1588,1599,1606,1635,1599,1616,1651,1621,1651,1620,1616,1646,1606,1568,1608,1610,1585,1632,1591,1592,1607,1617,1638,1652,1612,1623,1642,1590,1615,1668,1664,1619,1647,1655,1664,1666,1692,1689,1670,1626,1624,1670,1628,1740,1686,1723,1677,1672,1672,1701,1723,1698,1715,1731,1684,1701,1711,1691,1710,1701,1723,1730,1712
1659,1644,1741,1647,1689,1635,1656,1653,1640,1717,1609,1636,1652,1684,1670,1638,1654,1678,1651,1657,1623,1559,1646,1649,1649,1703,1609,1573,1568,1633,1692,1729,1672,1679,1675,1633,1728,1664,1664,1693,1665,1597,1602,1631,1586,1638,1602,1608,1614,1576,1593,1560,1740,1702,1696,1660,1663,1679,1647,1671,1704,1646,1677,1691,1648,1617,1606,1600,1617,1641,1670,1696
1357,1296,1332,1296,1322,1292,1286,1289,1324,1293,1300,1304,1286,1295,1286,1300,1269,1321,1279,1302,1315,1306,1283,1298,1290,1337,1310,1282,1254,1302,1322,1292,1332,1296,1279,1274,1298,1273,1305,1321,1323,1293,1289,1281,1308,1312,1312,1284,1273,1264,1262,1270,1349,1309,1317,1282,1317,1287,1317,1265,1294,1277,1296,1294,1290,1291,1332,1328,1298,1287,1282,1294
1691,1723,1716,1683,1646,1668,1684,1705,1719,1716,1676,1717,1729,1742,1723,1671,1699,1775,1737,1733,1700,1650,1700,1734,1712,1727,1684,1618,1651,1741,1746,1766,1763,1712,1740,1747,1757,1755,1728,1716,1704,1692,1666,1665,1661,1678,1714,1655,1686,1643,1641,1645,1754,1683,1705,1683,1738,1733,1716,1732,1732,1689,1710,1705,1689,1672,1692,1639,1699,1707,1741,1742
1440,1377,1329,1353,1367,1362,1342,1351,1341,1347,1337,1385,1359,1368,1365,1359,1344,1356,1319,1354,1336,1326,1344,1356,1350,1366,1323,1334,1326,1336,1362,1339,1363,1328,1341,1326,1361,1314,1340,1322,1337,1315,1308,1304,1362,1346,1343,1327,1332,1325,1322,1344,1360,1287,1338,1313,1321,1328,1324,1345,1301,1348,1318,1324,1314,1336,1369,1379,1336,1300,1329,1354
1040,965,959,973,935,954,939,971,972,1012,957,963,960,956,988,976,936,971,937,943,931,996,940,973,945,999,909,942,1000,1006,947,957,946,969,967,950,991,1012,1008,956,998,969,958,990,1004,992,1024,955,980,995,1004,1032,1021,986,957,1015,1007,977,1000,1042,1021,1031,1014,1035,1010,1019,1038,1033,1010,992,987,1055
1402,1352,1329,1312,1300,1335,1323,1321,1303,1326,1301,1318,1334,1329,1331,1321,1326,1320,1313,1331,1343,1329,1351,1320,1310,1368,1307,1321,1318,1332,1316,1345,1328,1310,1305,1284,1314,1308,1364,1340,1313,1324,1281,1315,1350,1342,1347,1272,1311,1297,1292,1294,1366,1314,1333,1311,1273,1276,1291,1315,1320,1306,1315,1305,1291,1298,1305,1325,1326,1335,1302,1308
1399,1345,1351,1346,1332,1333,1343,1343,1331,1356,1315,1331,1348,1343,1326,1319,1326,1346,1330,1330,1328,1361,1338,1326,1315,1345,1336,1338,1324,1323,1332,1330,1337,1325,1330,1312,1319,1323,1315,1347,1349,1327,1346,1330,1357,1341,1349,1311,1302,1316,1302,1300,1368,1356,1337,1312,1316,1304,1303,1322,1340,1315,1314,1327,1317,1314,1314,1309,1327,1327,1301,1346
1350,1311,1293,1312,1298,1288,1352,1337,1307,1313,1305,1310,1335,1315,1309,1304,1327,1326,1312,1310,1326,1341,1330,1335,1343,1366,1331,1342,1334,1340,1338,1336,1342,1317,1330,1350,1345,1334,1354,1312,1317,1309,1349,1331,1336,1352,1378,1324,1345,1350,1352,1359,1358,1300,1302,1292,1293,1313,1335,1333,1338,1310,1309,1281,1298,1310,1300,1359,1352,1376,1353,1298
1387,1303,1257,1307,1263,1298,1313,1306,1322,1300,1296,1278,1293,1221,1268,1260,1335,1301,1284,1281,1335,1334,1317,1392,1318,1337,1346,1340,1303,1357,1315,1315,1344,1339,1296,1334,1329,1330,1329,1438,1410,1389,1358,1389,1413,1387,1421,1330,1463,1328,1338,1338,1459,1363,1350,1349,1379,1348,1344,1353,1360,1378,1313,1324,1337,1308,1351,1355,1344,1338,1328,1364
1415,1405,1387,1379,1421,1386,1441,1417,1405,1413,1399,1386,1419,1407,1404,1395,1406,1430,1417,1415,1408,1410,1427,1428,1423,1432,1441,1409,1433,1435,1423,1436,1435,1405,1438,1420,1418,1444,1450,1527,1536,1533,1511,1512,1532,1533,1470,1495,1498,1492,1503,1485,1538,1502,1465,1459,1439,1421,1424,1456,1456,1435,1445,1433,1436,1409,1395,1420,1434,1425,1414,1434
1640,1634,1689,1686,1631,1619,1632,1605,1620,1675,1632,1594,1614,1641,1630,1595,1608,1641,1643,1626,1612,1642,1637,1625,1595,1670,1657,1627,1626,1650,1715,1706,1694,1698,1660,1695,1733,1658,1651,1715,1682,1656,1620,1630,1640,1651,1626,1604,1544,1549,1561,1574,1675,1715,1657,1597,1623,1585,1616,1559,1594,1591,1581,1635,1603,1623,1642,1590,1609,1597,1613,1680
1520,1438,1443,1464,1404,1424,1413,1443,1432,1411,1413,1403,1408,1422,1443,1399,1438,1458,1418,1421,1429,1447,1406,1428,1458,1446,1407,1407,1410,1444,1421,1432,1418,1407,1392,1404,1414,1415,1440,1416,1401,1382,1400,1419,1420,1405,1408,1379,1413,1432,1427,1429,1432,1401,1410,1395,1397,1396,1418,1392,1409,1369,1380,1377,1402,1397,1422,1372,1421,1378,1362,1409
1367,1324,1333,1319,1313,1302,1293,1296,1382,1361,1288,1305,1278,1291,1285,1271,1265,1355,1308,1274,1339,1281,1311,1304,1266,1309,1271,1243,1201,1255,1271,1290,1283,1285,1275,1313,1326,1214,1302,1341,1307,1261,1302,1272,1370,1322,1355,1276,1250,1215,1279,1227,1367,1275,1315,1269,1343,1318,1314,1286,1303,1291,1315,1308,1282,1284,1373,1357,1305,1296,1359,1317
1324,1350,1389,1366,1335,1353,1313,1279,1352,1355,1279,1324,1364,1332,1327,1327,1284,1350,1342,1350,1356,1302,1331,1302,1290,1308,1298,1288,1272,1298,1304,1284,1359,1306,1277,1305,1315,1256,1319,1361,1386,1345,1319,1303,1407,1409,1401,1327,1272,1287,1321,1288,1403,1340,1296,1294,1306,1313,1336,1332,1307,1295,1339,1320,1276,1311,1313,1351,1309,1331,1323,1377
1639,1639,1587,1603,1613,1642,1615,1547,1571,1625,1545,1584,1650,1591,1569,1544,1516,1555,1556,1593,1595,1606,1605,1530,1527,1568,1553,1567,1492,1540,1568,1576,1585,1591,1567,1557,1555,1526,1570,1609,1609,1560,1543,1539,1573,1607,1679,1570,1544,1590,1610,1601,1677,1560,1558,1580,1513,1563,1587,1561,1543,1510,1523,1549,1518,1509,1496,1513,1474,1505,1529,1589
1397,1330,1318,1348,1308,1361,1338,1324,1337,1359,1315,1326,1351,1335,1332,1324,1317,1330,1319,1356,1383,1373,1377,1353,1331,1349,1343,1330,1308,1353,1351,1329,1361,1341,1338,1330,1346,1329,1358,1400,1373,1346,1353,1370,1387,1408,1395,1387,1369,1348,1356,1366,1415,1383,1319,1353,1348,1340,1355,1348,1369,1353,1353,1330,1327,1351,1343,1343,1336,1353,1351,1400
1724,1710,1669,1696,1659,1687,1672,1670,1649,1714,1644,1681,1677,1683,1659,1687,1668,1707,1690,1702,1700,1662,1673,1688,1686,1710,1679,1684,1693,1750,1728,1723,1738,1748,1746,1761,1733,1733,1764,1717,1713,1689,1584,1632,1649,1669,1690,1657,1597,1609,1638,1661,1720,1773,1732,1739,1743,1712,1699,1730,1703,1709,1726,1686,1635,1621,1650,1633,1682,1674,1646,1676
1408,1349,1339,1358,1319,1347,1333,1342,1335,1354,1311,1335,1326,1366,1322,1323,1329,1314,1312,1353,1337,1347,1354,1331,1337,1333,1307,1321,1351,1333,1346,1325,1323,1318,1320,1315,1322,1324,1329,1322,1298,1312,1317,1327,1341,1347,1375,1327,1347,1350,1340,1339,1363,1341,1297,1316,1326,1325,1324,1330,1321,1329,1336,1326,1324,1317,1325,1315,1322,1326,1344,1382
1519,1388,1426,1436,1417,1457,1378,1460,1459,1417,1448,1338,1339,1357,1436,1358,1499,1471,1393,1344,1428,1397,1386,1394,1397,1427,1346,1373,1343,1380,1378,1377,1389,1357,1345,1354,1429,1369,1363,1429,1370,1350,1318,1383,1395,1397,1413,1308,1463,1380,1396,1363,1378,1366,1373,1352,1442,1417,1469,1437,1414,1469,1400,1367,1391,1386,1477,1447,1433,1399,1419,1468
1442,1493,1466,1481,1437,1463,1449,1449,1454,1454,1393,1427,1447,1482,1470,1452,1469,1448,1442,1434,1490,1482,1475,1444,1477,1489,1446,1444,1441,1467,1464,1483,1457,1417,1451,1439,1443,1475,1468,1471,1474,1475,1452,1472,1535,1521,1489,1468,1457,1469,1456,1449,1467,1428,1450,1454,1454,1442,1450,1476,1493,1471,1470,1456,1460,1476,1445,1445,1458,1460,1452,1435
1667,1706,1710,1699,1710,1714,1696,1665,1691,1754,1719,1693,1734,1736,1665,1711,1690,1703,1737,1736,1732,1632,1690,1602,1590,1694,1601,1558,1528,1622,1629,1708,1723,1664,1654,1645,1689,1639,1669,1706,1703,1651,1603,1557,1600,1630,1623,1592,1591,1580,1552,1533,1638,1631,1644,1599,1614,1631,1658,1675,1680,1625,1676,1659,1616,1601,1579,1587,1631,1694,1670,1724
1447,1309,1236,1293,1207,1215,1202,1200,1204,1288,1169,1182,1189,1233,1230,1209,1210,1208,1214,1278,1330,1331,1269,1245,1261,1246,1229,1232,1199,1265,1269,1295,1252,1213,1214,1223,1237,1212,1301,1284,1289,1219,1206,1246,1318,1291,1344,1234,1216,1208,1228,1228,1335,1264,1209,1230,1239,1213,1287,1273,1256,1215,1223,1266,1238,1207,1263,1221,1258,1233,1234,1324
1549,1490,1494,1607,1514,1532,1467,1574,1533,1521,1623,1489,1470,1469,1538,1587,1658,1602,1614,1578,1571,1578,1511,1589,1582,1544,1520,1633,1484,1607,1646,1576,1607,1602,1592,1613,1637,1587,1558,1562,1505,1442,1462,1523,1511,1510,1589,1537,1593,1547,1556,1605,1630,1575,1581,1517,1546,1581,1594,1557,1548,1574,1585,1586,1592,1605,1602,1631,1598,1629,1633,1608
1579,1514,1517,1576,1467,1520,1492,1496,1483,1496,1456,1453,1501,1530,1557,1494,1490,1532,1474,1512,1504,1526,1465,1452,1490,1494,1443,1478,1445,1473,1471,1452,1497,1442,1456,1450,1476,1473,1505,1510,1477,1467,1426,1444,1540,1495,1517,1438,1428,1437,1446,1465,1543,1486,1468,1427,1439,1460,1445,1440,1462,1432,1441,1449,1419,1436,1459,1406,1463,1458,1457,1514
1260,1210,1242,1225,1217,1260,1244,1253,1248,1240,1206,1224,1201,1215,1234,1235,1228,1236,1236,1201,1237,1280,1219,1208,1234,1246,1203,1228,1187,1240,1231,1222,1205,1210,1203,1185,1201,1223,1251,1203,1196,1217,1223,1239,1273,1234,1242,1213,1223,1250,1215,1243,1253,1210,1227,1204,1201,1198,1244,1201,1215,1242,1231,1230,1222,1223,1251,1211,1233,1244,1210,1209
1439,1340,1318,1347,1314,1335,1314,1350,1342,1339,1314,1327,1320,1334,1342,1328,1317,1317,1314,1326,1333,1342,1304,1321,1342,1323,1299,1316,1311,1349,1340,1311,1315,1285,1300,1291,1310,1308,1327,1348,1290,1309,1280,1298,1322,1317,1332,1291,1303,1298,1302,1310,1371,1307,1312,1285,1321,1295,1333,1308,1304,1300,1286,1260,1257,1282,1298,1278,1305,1280,1283,1320
1621,1543,1551,1597,1504,1563,1494,1466,1492,1616,1445,1505,1555,1528,1512,1455,1468,1494,1539,1584,1541,1519,1501,1482,1448,1513,1449,1472,1447,1477,1471,1491,1554,1450,1480,1446,1483,1432,1509,1560,1528,1440,1468,1435,1583,1517,1534,1466,1474,1438,1528,1540,1582,1555,1456,1402,1424,1468,1499,1535,1493,1446,1474,1504,1460,1428,1462,1455,1481,1497,1483,1648
1389,1306,1393,1440,1321,1430,1403,1311,1371,1460,1276,1296,1451,1346,1368,1373,1288,1374,1423,1359,1364,1367,1295,1298,1287,1279,1272,1344,1258,1300,1317,1302,1335,1302,1298,1280,1335,1285,1289,1390,1331,1447,1295,1344,1417,1376,1384,1397,1342,1285,1283,1296,1441,1345,1284,1290,1324,1326,1448,1322,1334,1303,1316,1311,1332,1314,1310,1348,1395,1323,1304,1420
1419,1329,1369,1377,1339,1427,1443,1404,1392,1409,1323,1389,1429,1348,1429,1349,1392,1413,1360,1313,1361,1372,1335,1314,1342,1362,1307,1371,1300,1321,1276,1334,1367,1306,1394,1309,1362,1317,1364,1363,1320,1302,1306,1352,1348,1367,1335,1409,1309,1364,1337,1323,1436,1342,1340,1339,1364,1364,1359,1342,1446,1341,1381,1433,1340,1370,1299,1372,1372,1387,1358,1389
1388,1450,1450,1428,1414,1385,1445,1422,1418,1451,1374,1463,1439,1468,1453,1414,1455,1416,1406,1397,1420,1395,1411,1433,1442,1468,1461,1456,1435,1441,1451,1451,1470,1436,1442,1432,1443,1439,1484,1414,1466,1432,1462,1445,1501,1481,1469,1484,1448,1466,1475,1467,1488,1452,1452,1473,1449,1510,1473,1499,1457,1484,1503,1453,1460,1501,1479,1453,1520,1447,1485,1500
1497,1485,1465,1524,1463,1484,1500,1487,1460,1558,1464,1466,1461,1475,1477,1474,1463,1479,1440,1462,1494,1500,1468,1452,1476,1460,1449,1480,1446,1470,1477,1479,1470,1442,1443,1479,1477,1433,1467,1505,1472,1511,1474,1488,1515,1479,1531,1504,1498,1487,1498,1477,1535,1473,1462,1461,1440,1439,1470,1452,1469,1474,1448,1461,1457,1469,1458,1466,1469,1462,1454,1504
1571,1471,1409,1432,1408,1429,1416,1398,1405,1440,1380,1456,1385,1412,1376,1398,1406,1430,1424,1430,1450,1436,1400,1433,1433,1390,1384,1424,1333,1411,1428,1408,1492,1383,1399,1395,1396,1440,1406,1420,1418,1374,1381,1427,1443,1410,1414,1447,1377,1362,1389,1391,1435,1391,1431,1400,1398,1387,1437,1432,1515,1424,1427,1433,1405,1410,1463,1437,1427,1390,1504,1402
1400,1379,1338,1383,1292,1330,1296,1319,1323,1336,1332,1313,1303,1314,1295,1267,1284,1285,1275,1310,1341,1327,1330,1267,1282,1298,1268,1288,1272,1293,1274,1271,1283,1279,1276,1266,1276,1264,1311,1302,1284,1262,1261,1239,1302,1287,1320,1272,1248,1247,1249,1264,1334,1300,1250,1277,1263,1257,1282,1294,1296,1257,1274,1289,1263,1268,1285,1273,1291,1293,1260,1275
1443,1396,1448,1440,1392,1436,1430,1392,1440,1420,1366,1437,1500,1464,1454,1394,1390,1444,1512,1484,1527,1449,1474,1418,1400,1383,1364,1404,1332,1425,1418,1438,1482,1406,1395,1405,1452,1384,1419,1475,1429,1470,1376,1395,1496,1435,1509,1412,1351,1352,1384,1364,1536,1415,1396,1367,1429,1415,1473,1427,1456,1341,1402,1458,1406,1408,1429,1434,1488,1427,1410,1550
1348,1355,1337,1314,1327,1333,1311,1313,1345,1341,1304,1326,1319,1283,1307,1303,1298,1325,1324,1356,1355,1352,1344,1354,1318,1340,1337,1326,1286,1331,1331,1326,1322,1316,1357,1338,1341,1341,1352,1344,1335,1299,1315,1313,1342,1341,1328,1314,1296,1292,1303,1317,1365,1344,1334,1350,1336,1323,1340,1347,1344,1329,1322,1334,1319,1318,1341,1326,1320,1334,1326,1315
1490,1328,1375,1376,1341,1347,1354,1373,1361,1359,1329,1317,1317,1300,1381,1329,1341,1361,1349,1339,1466,1348,1350,1371,1325,1394,1372,1351,1291,1349,1397,1368,1423,1355,1393,1387,1380,1367,1413,1440,1406,1349,1367,1400,1427,1399,1425,1320,1407,1391,1388,1380,1470,1407,1381,1374,1369,1361,1420,1379,1382,1357,1352,1334,1374,1361,1383,1381,1382,1379,1353,1420
1595,1564,1515,1607,1497,1470,1586,1600,1559,1538,1528,1511,1477,1500,1518,1499,1535,1516,1533,1519,1592,1594,1508,1555,1545,1559,1549,1539,1529,1565,1588,1611,1573,1501,1537,1561,1538,1534,1543,1675,1562,1552,1544,1599,1611,1599,1603,1532,1598,1570,1586,1563,1634,1616,1585,1554,1582,1570,1584,1555,1549,1550,1543,1549,1561,1524,1561,1568,1556,1544,1526,1610
1295,1223,1184,1221,1149,1100,1102,1103,1174,1186,1062,1179,1145,1142,1124,1130,1142,1129,1145,1133,1164,1169,1225,1183,1169,1155,1144,1105,1139,1104,1092,1167,1078,1062,1119,1137,1105,1074,1149,1045,1091,1108,1043,1108,1171,1144,1128,1110,1167,1003,1043,1060,1082,1164,1098,1120,1068,1132,1169,1137,1085,1159,1135,1082,1145,1144,1176,1066,1106,1070,1154,1141
1429,1346,1334,1392,1344,1394,1373,1358,1358,1357,1353,1352,1367,1382,1396,1366,1363,1349,1355,1367,1330,1376,1338,1349,1358,1344,1335,1344,1326,1362,1329,1330,1328,1331,1335,1350,1349,1330,1328,1333,1324,1322,1309,1315,1344,1345,1360,1322,1321,1331,1328,1308,1339,1292,1263,1237,1263,1303,1330,1271,1262,1274,1271,1293,1245,1256,1278,1297,1298,1272,1304,1348
1570,1535,1612,1676,1568,1654,1613,1545,1558,1661,1495,1540,1647,1670,1664,1641,1639,1635,1596,1564,1605,1665,1620,1533,1524,1597,1566,1615,1603,1603,1652,1560,1570,1557,1551,1553,1559,1591,1594,1617,1618,1632,1605,1630,1672,1668,1663,1610,1595,1620,1618,1622,1705,1595,1609,1604,1593,1680,1643,1625,1674,1569,1598,1634,1624,1621,1624,1576,1617,1648,1624,1626
1501,1412,1402,1441,1416,1425,1421,1405,1406,1449,1401,1434,1440,1443,1421,1418,1413,1423,1419,1434,1425,1437,1437,1408,1405,1428,1412,1415,1417,1410,1415,1422,1404,1401,1414,1423,1407,1423,1433,1427,1413,1420,1405,1425,1431,1436,1433,1401,1407,1396,1387,1405,1468,1407,1407,1398,1385,1387,1394,1386,1395,1382,1368,1370,1364,1359,1343,1354,1389,1381,1383,1421
1446,1452,1463,1494,1459,1450,1420,1435,1418,1480,1398,1427,1444,1449,1445,1445,1463,1441,1439,1448,1436,1457,1414,1447,1460,1426,1451,1473,1446,1476,1520,1455,1442,1419,1404,1458,1447,1436,1454,1497,1423,1392,1350,1385,1430,1405,1413,1353,1421,1396,1384,1415,1475,1452,1389,1388,1374,1375,1426,1400,1407,1349,1358,1372,1370,1393,1408,1362,1410,1403,1404,1485
1664,1661,1639,1680,1615,1575,1622,1563,1576,1667,1584,1553,1566,1596,1599,1557,1567,1594,1625,1614,1635,1602,1645,1610,1591,1587,1509,1493,1486,1573,1623,1607,1555,1527,1562,1553,1576,1601,1593,1649,1599,1564,1532,1594,1648,1620,1670,1566,1528,1517,1494,1485,1646,1565,1506,1467,1455,1511,1610,1610,1621,1567,1614,1567,1633,1540,1563,1563,1570,1598,1632,1651
1608,1515,1497,1656,1500,1518,1537,1591,1587,1578,1550,1494,1528,1523,1610,1539,1603,1603,1605,1530,1576,1584,1601,1594,1571,1636,1600,1607,1576,1645,1687,1585,1625,1610,1583,1619,1617,1593,1600,1559,1462,1461,1468,1561,1511,1501,1611,1481,1614,1590,1582,1597,1660,1543,1556,1542,1552,1611,1595,1521,1510,1556,1536,1544,1537,1568,1616,1573,1562,1545,1529,1664
1625,1545,1589,1643,1526,1593,1558,1551,1577,1597,1511,1525,1524,1579,1615,1531,1576,1555,1556,1555,1613,1597,1529,1575,1564,1570,1523,1575,1558,1622,1638,1579,1633,1619,1599,1595,1621,1589,1604,1664,1592,1496,1493,1521,1646,1595,1655,1479,1527,1508,1542,1566,1680,1607,1559,1499,1565,1560,1638,1573,1610,1522,1526,1540,1567,1551,1598,1544,1600,1646,1576,1695
1547,1529,1517,1577,1501,1558,1527,1495,1506,1563,1469,1499,1529,1548,1562,1527,1500,1532,1522,1511,1588,1556,1568,1454,1485,1495,1446,1486,1411,1461,1507,1469,1503,1448,1458,1459,1458,1468,1496,1513,1522,1485,1462,1448,1564,1519,1532,1416,1419,1423,1411,1439,1505,1459,1446,1368,1401,1394,1469,1432,1455,1366,1389,1414,1404,1416,1461,1386,1445,1417,1425,1521
1577,1510,1498,1502,1480,1582,1500,1542,1502,1500,1485,1483,1505,1520,1487,1500,1535,1476,1491,1539,1521,1549,1534,1512,1523,1538,1555,1550,1542,1560,1541,1561,1524,1485,1542,1560,1528,1548,1540,1575,1495,1508,1489,1529,1533,1522,1549,1506,1535,1496,1491,1487,1582,1565,1522,1524,1512,1495,1554,1495,1475,1497,1493,1506,1510,1534,1498,1508,1479,1513,1491,1532
1290,1303,1323,1306,1316,1307,1304,1277,1276,1288,1288,1314,1276,1315,1255,1286,1243,1301,1305,1299,1307,1297,1268,1279,1245,1278,1265,1278,1201,1223,1231,1241,1283,1294,1312,1263,1268,1233,1271,1262,1258,1234,1200,1206,1280,1289,1250,1247,1233,1231,1244,1257,1267,1252,1238,1253,1277,1282,1289,1308,1292,1296,1297,1279,1289,1264,1296,1298,1312,1274,1312,1304
1494,1448,1481,1489,1477,1484,1491,1482,1476,1494,1502,1497,1507,1514,1498,1494,1493,1492,1495,1506,1443,1493,1486,1509,1501,1520,1500,1500,1520,1489,1489,1491,1462,1506,1495,1480,1508,1519,1507,1483,1472,1474,1495,1489,1491,1503,1499,1481,1471,1478,1494,1506,1479,1484,1481,1505,1495,1511,1495,1495,1530,1501,1505,1476,1513,1494,1483,1482,1476,1488,1513,1499
1503,1457,1467,1483,1462,1463,1452,1454,1449,1452,1462,1480,1441,1496,1469,1449,1445,1470,1454,1476,1455,1465,1462,1453,1442,1470,1421,1437,1434,1454,1463,1444,1435,1462,1461,1438,1450,1417,1441,1413,1398,1386,1406,1409,1423,1407,1446,1420,1412,1412,1416,1431,1420,1408,1402,1423,1429,1445,1421,1428,1454,1443,1437,1414,1403,1428,1454,1412,1449,1415,1422,1434
1343,1308,1300,1313,1313,1337,1312,1310,1306,1321,1340,1340,1340,1346,1346,1366,1371,1347,1357,1346,1338,1371,1347,1348,1345,1362,1338,1376,1344,1341,1369,1344,1308,1359,1356,1342,1352,1343,1343,1314,1318,1339,1331,1346,1343,1347,1354,1345,1385,1364,1343,1357,1336,1330,1323,1308,1324,1318,1334,1349,1363,1351,1341,1327,1350,1315,1325,1323,1339,1335,1318,1326
1455,1364,1383,1492,1348,1431,1380,1473,1434,1471,1453,1357,1367,1331,1474,1368,1536,1393,1504,1372,1425,1467,1361,1543,1466,1411,1447,1490,1417,1509,1523,1471,1487,1465,1478,1492,1539,1461,1454,1511,1424,1403,1428,1459,1504,1425,1478,1403,1586,1488,1465,1502,1497,1502,1473,1457,1482,1507,1520,1488,1493,1504,1429,1429,1439,1489,1507,1512,1477,1441,1434,1553
1492,1481,1508,1559,1536,1513,1529,1519,1529,1496,1493,1495,1497,1561,1574,1504,1541,1529,1472,1510,1462,1477,1460,1507,1529,1544,1491,1495,1520,1533,1500,1526,1483,1459,1450,1497,1481,1531,1509,1494,1429,1426,1435,1446,1505,1497,1463,1466,1463,1491,1489,1535,1564,1509,1476,1518,1557,1533,1547,1559,1601,1531,1536,1539,1526,1545,1539,1483,1555,1565,1527,1595
1363,1273,1272,1324,1277,1307,1255,1289,1307,1302,1279,1281,1242,1211,1259,1253,1286,1314,1324,1318,1309,1302,1304,1275,1257,1279,1276,1265,1252,1305,1325,1325,1303,1322,1338,1320,1318,1333,1349,1341,1323,1327,1289,1324,1361,1345,1362,1331,1352,1350,1357,1348,1399,1341,1350,1332,1365,1358,1354,1341,1361,1358,1348,1362,1341,1345,1359,1355,1337,1326,1332,1377
1556,1481,1479,1508,1479,1476,1457,1492,1521,1494,1482,1497,1447,1484,1523,1472,1499,1501,1511,1503,1524,1496,1503,1505,1506,1500,1518,1488,1520,1552,1537,1506,1499,1516,1531,1519,1518,1503,1523,1552,1477,1451,1455,1474,1517,1511,1574,1480,1490,1490,1500,1500,1576,1535,1478,1424,1458,1499,1489,1473,1498,1457,1459,1450,1460,1477,1518,1485,1456,1487,1465,1538
